duration_sec,views,likes,comments,title_len,tags_count,category,publish_hour,engagement_score
1156,60130,4140,304,88,5,Gaming,16,9.588641830334373
1489,10588,274,36,87,5,Music,9,2.9205523506465147
890,106800,10278,492,28,11,Gaming,18,12.367308203917599
1324,162715,9133,795,24,9,Music,10,7.656603455306309
1160,31418,2042,117,15,28,Education,14,10.216160790663128
1125,105727,10187,1479,82,16,Vlogs,9,11.347739583034091
1754,357,27,5,93,9,Tech,10,13.204392239994608
1074,85825,2756,548,47,22,Entertainment,22,4.419132696216735
1668,13079,979,98,35,4,Gaming,2,10.131088316438644
151,119780,6568,429,91,2,Tech,2,8.203969204015609
496,156,9,0,60,14,Music,17,6.406802825822125
1268,40717,533,91,82,3,Vlogs,10,0.6496305479980957
360,70759,2342,133,62,18,Entertainment,19,3.6335282753113423
1512,15066,616,117,65,21,Entertainment,21,5.738791137945272
117,10829,957,78,68,6,Music,17,11.096861445310758
1426,4492,50,9,79,11,Vlogs,14,0.5
1153,19858,1091,186,87,21,Entertainment,6,7.149760634652676
901,41131,4591,760,67,18,Vlogs,9,13.979761217578256
1717,6256,139,10,97,12,Entertainment,20,2.1308531353491373
160,23735,1585,34,22,5,Education,22,11.138701170480871
1715,555,53,4,52,9,Music,19,11.445716867490129
1362,85474,9716,722,85,20,Vlogs,9,10.981289817335087
799,6974,642,17,60,28,Tech,12,12.487566220839527
373,16757,1495,165,28,26,Education,14,15.873361666854716
1545,1029,103,9,30,18,Tech,22,15.23703163860958
1467,28402,1678,225,92,19,Music,17,7.8516376944784705
835,91767,9052,1193,33,3,Entertainment,22,13.085161875503484
415,24991,271,11,35,9,Tech,3,1.2456760690321338
1245,9991,1116,218,54,4,Education,19,20.0
985,70160,4122,221,37,17,Vlogs,16,6.015980324629791
306,77849,5517,552,91,17,Gaming,2,10.641569463678207
1214,9643,366,39,38,23,Tech,20,6.556899337762177
489,73769,6763,1125,26,23,Gaming,20,14.476094853141053
1367,147254,2713,102,77,2,Music,1,1.7895088386679125
51,9198,974,94,53,9,Tech,3,15.459093781299853
282,73798,7460,993,70,9,Tech,0,17.62143541362975
777,61748,2085,122,77,5,Vlogs,14,3.467169255759671
886,32182,3186,423,83,15,Entertainment,0,12.781591252795096
1614,3083,297,55,34,15,Education,5,19.855838542764992
504,3981,316,63,76,3,Education,6,16.608874449727377
1112,95767,4892,126,11,19,Education,18,8.07778699006361
540,231105,9212,574,98,28,Music,11,4.576260703319429
1735,56458,2004,152,58,3,Entertainment,0,3.6959730678743954
1529,29625,1334,122,79,6,Gaming,6,5.704434722884663
729,52245,5715,363,35,4,Education,18,19.170050707098643
1005,45218,838,47,81,24,Gaming,12,2.614508491885532
219,24293,2457,471,36,13,Entertainment,11,14.949354470947423
987,3493,168,31,98,27,Music,11,8.254165833298122
716,86261,5811,165,27,13,Entertainment,21,6.317569493571441
987,23347,2273,184,63,27,Vlogs,12,10.536282127356838
592,85503,9172,852,10,11,Education,13,18.3188282188317
1620,14651,702,44,70,5,Music,21,5.795044489232566
1297,151,9,1,12,1,Vlogs,11,6.533517236769352
861,8754,486,65,77,9,Education,19,9.792008369357577
1558,31706,363,62,50,17,Entertainment,11,0.9508388227955478
1184,144492,6148,942,46,22,Entertainment,5,5.57451655491149
1538,5490,332,39,60,1,Tech,9,9.583100258445635
676,96379,5322,732,24,3,Tech,19,8.550164105625779
50,37535,3356,232,17,15,Entertainment,23,9.82120798414092
870,87512,4579,580,47,26,Entertainment,8,5.691404288216832
196,17817,1137,122,92,21,Gaming,1,8.672545168024989
1327,91712,5251,231,65,26,Gaming,6,7.105123806028948
417,74201,6787,432,56,23,Vlogs,8,9.71587350068472
630,13171,1381,100,99,10,Tech,11,16.07435421853061
345,7139,489,91,19,8,Tech,4,13.087599832024907
43,101368,9816,603,87,12,Entertainment,0,11.07941375718399
271,165262,7047,507,58,25,Entertainment,21,4.934211979238678
806,1690,117,10,50,22,Vlogs,14,7.431486714219555
1399,65802,3156,440,92,15,Music,7,6.795379841892569
594,120233,6680,275,39,27,Music,0,5.723899741616832
927,97471,8827,1692,14,9,Music,17,14.596298362888893
1393,167039,17870,3141,80,24,Tech,12,17.637626752843662
121,71475,1669,206,92,25,Gaming,0,4.051384666768031
1420,29296,2338,330,40,10,Music,4,11.087798137506164
985,18794,1391,31,61,20,Education,17,10.915232056731421
1508,19437,447,36,97,9,Vlogs,15,2.4593914046399745
1481,64544,2149,350,32,15,Music,9,4.590683699807728
538,68588,3032,102,57,23,Education,3,6.661048495109477
805,11279,319,22,49,21,Music,0,2.737663077754749
64,101394,3732,467,15,21,Gaming,22,4.780577796318065
235,62849,2478,163,47,1,Gaming,7,5.015689928919805
1134,41462,1945,365,50,2,Music,4,6.745865716361422
1615,31988,2956,128,36,26,Education,1,14.23232138985448
1441,39279,2863,468,84,19,Vlogs,23,8.523752525345499
1055,8772,1039,115,78,14,Education,16,20.0
1051,11489,639,99,66,8,Vlogs,6,6.590844552697307
1443,4879,453,34,26,6,Music,16,12.161532473370679
595,8441,893,100,80,12,Vlogs,5,11.715880753511955
1159,30328,2568,447,56,26,Entertainment,21,11.20730426253024
1530,37888,2095,217,88,27,Tech,14,8.197469133116478
732,1001,92,7,22,29,Tech,4,14.38761640885471
431,79777,2585,301,20,15,Gaming,14,4.63724392293974
759,17518,806,120,99,14,Entertainment,17,7.11069647757432
1609,121527,8523,850,95,21,Tech,17,10.1207689870373
191,171443,12565,2374,33,29,Music,20,11.226665920015183
231,10356,128,9,82,1,Vlogs,20,1.943108135613965
1025,31103,3544,374,13,28,Vlogs,22,11.931951490058658
299,161,13,2,55,11,Education,5,15.678919364004662
845,45705,2949,424,27,28,Education,1,12.657149622290127
1324,46836,5275,925,52,25,Vlogs,16,13.70144747181961
485,14320,834,166,89,3,Music,20,9.169192331613903
1515,40968,4827,467,42,19,Vlogs,3,13.025687966068045
1780,12879,854,34,19,18,Education,11,10.317812088043716
1305,8866,200,5,82,20,Tech,18,3.616441834697868
1046,52808,4970,749,68,28,Gaming,1,13.692487812209716
1755,19820,1678,297,40,2,Education,1,17.489721547767612
325,44712,4248,253,37,29,Music,13,12.224205590254428
1778,28491,3266,158,69,25,Tech,14,15.709929033423027
749,207968,19843,619,12,28,Tech,19,12.348306465361631
367,8201,633,106,64,26,Tech,1,13.227652037941512
908,31336,3268,248,23,7,Entertainment,3,12.087534135692337
1106,57143,4803,443,67,8,Entertainment,18,9.634564493730903
821,25271,1387,153,98,19,Tech,8,8.846135671073993
246,183947,19759,3380,24,22,Music,6,16.793023100011194
793,64086,2205,302,11,15,Vlogs,12,3.1523604920500583
217,53598,4749,620,33,10,Music,11,11.284125399698826
409,70846,7578,391,87,22,Entertainment,2,11.708788397800946
522,152607,13802,1550,73,29,Education,12,16.200677226717755
1094,119299,10343,1538,80,1,Entertainment,14,10.856106379741522
1210,64519,5986,1168,33,6,Vlogs,13,12.074074433222965
44,69247,4234,238,36,13,Gaming,23,8.09566717065324
94,7986,847,18,46,14,Entertainment,8,11.02929622064865
550,5523,178,5,48,3,Music,12,3.4495541821908833
1397,42403,1018,89,72,11,Music,22,2.889182302249117
1182,1026,42,7,88,3,Tech,21,7.065600633771793
677,33023,2261,48,35,19,Tech,3,10.576950875003211
1525,11908,787,80,74,10,Tech,20,10.266451133848749
1116,21333,2138,169,13,27,Gaming,7,14.35406520493258
1192,74861,4080,120,38,15,Vlogs,2,5.121269756312532
1552,141812,8973,906,10,11,Education,1,10.17825857685077
622,3858,44,2,59,15,Music,18,0.9986599531959586
421,38304,2109,175,95,26,Music,22,7.1426477148941645
1728,107180,8708,1280,20,27,Vlogs,7,9.583547167394586
448,4405,51,5,83,24,Gaming,16,1.704640087187926
318,87109,3562,151,68,13,Tech,12,6.182577355665895
408,22242,731,141,71,5,Vlogs,6,3.312342822563132
1543,19537,285,38,90,4,Education,8,2.5817547043649274
260,189737,11900,1878,45,13,Tech,11,11.354718622446697
1047,11310,339,11,65,9,Education,13,4.156601743183427
70,59176,5428,154,99,25,Entertainment,13,10.24369232587833
1081,86241,8906,209,30,17,Education,14,16.601659259301652
164,2202,154,8,22,2,Tech,2,9.395040504498944
230,55591,6559,620,18,24,Entertainment,14,14.166244175032215
809,151461,9019,1699,20,5,Tech,18,10.624640909184842
959,6732,447,45,84,16,Music,23,8.553134012945899
1086,113374,13470,973,79,7,Tech,19,16.76243805746001
1101,45265,1605,194,10,1,Entertainment,13,4.118513809903137
532,48034,5460,219,79,28,Education,7,18.266166949768362
436,47559,699,90,86,26,Music,4,1.1233474822458542
1627,17850,1054,128,95,12,Gaming,18,7.928174648335922
1781,136923,2423,393,65,21,Gaming,3,2.101524794626583
834,147304,13289,2625,40,11,Gaming,13,14.46267075451438
128,49182,3783,246,95,12,Gaming,15,10.576002765808099
713,76590,6719,750,46,19,Vlogs,19,10.014776839356205
755,47470,2430,446,56,26,Gaming,23,8.13759219435831
1600,33221,1682,271,87,12,Entertainment,5,6.855483230988311
990,54161,811,87,56,12,Gaming,22,2.5211263871448826
1792,40359,1957,372,78,14,Tech,5,8.408630649648497
642,45600,5117,155,67,2,Gaming,2,14.396434152299843
1515,76685,3965,743,45,2,Education,14,10.340361037875747
672,32883,3335,97,41,25,Entertainment,2,10.077240963306263
1058,2180,223,26,73,29,Entertainment,10,12.09435472886572
1271,9056,462,83,80,4,Music,2,7.614638175342689
532,28966,2303,154,51,20,Vlogs,9,7.978061131055433
796,64617,1324,139,57,23,Tech,17,3.4810218047994472
427,45081,964,75,83,26,Entertainment,0,1.468308469497198
900,52633,808,154,90,16,Education,15,2.2322283432695627
824,32727,2418,406,39,10,Gaming,15,10.964875157477566
422,47922,2725,402,30,13,Entertainment,9,7.388765393885132
236,20050,1409,177,69,2,Education,0,12.467696857591354
1068,31861,2144,359,22,3,Gaming,3,10.791053932058999
1607,68283,3313,300,10,19,Vlogs,2,5.310816776796735
921,102820,8690,873,74,6,Entertainment,4,10.779984528154289
1514,28527,2665,403,42,19,Entertainment,11,12.660096336668923
1744,2332,27,2,47,27,Education,11,1.404064520079131
1628,8917,292,9,34,21,Music,12,2.7632259986935637
893,1154,102,3,35,20,Tech,23,11.726379039358342
772,53059,2787,113,86,19,Vlogs,11,5.491921447058074
1294,20296,1681,296,68,8,Tech,15,14.184459152502574
593,39196,1887,198,42,14,Entertainment,12,5.730052529985455
1050,34089,1806,267,50,10,Tech,4,8.499286021650798
125,4352,119,10,39,3,Gaming,23,4.605960859584025
1787,25913,995,66,66,6,Vlogs,3,3.158826707125034
514,12559,961,79,58,29,Tech,20,11.544922458092781
1460,27198,1567,255,57,15,Gaming,14,9.51525061373622
260,11481,1092,144,81,23,Education,11,18.914451973049466
778,91870,9534,1799,58,23,Tech,18,18.126888011069266
1708,9669,672,95,56,18,Vlogs,20,8.266761225895058
1224,162029,15135,1856,65,14,Gaming,18,13.472109546329504
570,26984,1180,153,74,19,Tech,20,7.768470486715488
1089,93719,5215,988,21,28,Education,10,12.22288930270818
554,49645,4388,710,78,26,Tech,20,14.6870404610052
1213,66567,3493,84,97,10,Gaming,5,6.757926033639915
1752,73091,5462,634,15,15,Tech,8,12.283319918102327
1296,35244,1071,154,98,4,Vlogs,0,3.19431676584116
1139,39286,2984,461,74,23,Entertainment,11,10.058135921301984
607,36176,3790,221,34,2,Gaming,13,14.253739341904554
711,44443,4690,825,10,3,Gaming,5,18.024631420976363
586,1591,142,27,41,7,Gaming,0,13.716265499782683
1627,25268,2325,145,12,23,Gaming,21,12.164940743387993
1042,46694,3332,595,58,16,Tech,1,11.819777152973
675,45630,3390,126,28,10,Vlogs,23,7.096580991529439
825,78841,1947,58,69,19,Education,10,3.418975932901401
1081,53311,3135,135,38,28,Vlogs,2,5.470747120737151
1673,242355,14440,438,59,17,Gaming,9,6.914151281315018
1609,16793,1938,333,11,28,Music,5,16.911318632315602
1393,22348,1283,39,82,19,Tech,5,8.26051441898193
1384,24313,1712,117,65,5,Music,19,8.425753739468242
1693,31450,2159,83,26,23,Tech,20,10.090665059762348
1559,90493,7243,530,69,20,Gaming,1,11.315805018279207
1401,13545,1250,45,45,13,Tech,23,13.683285432328177
1526,74905,2603,365,70,13,Gaming,9,5.333297508617178
1284,26085,1777,78,26,11,Vlogs,22,6.460194847116121
219,46146,4653,806,58,11,Entertainment,5,12.753439402421673
1278,50157,3056,510,85,16,Tech,22,9.996084136234797
1438,23428,951,21,69,15,Gaming,16,4.782547898189502
1430,36035,2955,535,29,17,Music,13,12.043301114948193
1336,26739,2690,67,59,22,Gaming,4,13.662428443727684
662,3681,62,3,12,18,Music,22,1.8366236711614716
657,28838,2752,71,52,28,Tech,16,12.070554352659933
1002,5223,524,42,66,19,Education,1,17.65434769035524
1798,26061,1583,178,59,4,Music,8,8.237786903284452
1312,45037,5321,869,77,22,Gaming,11,18.396848129945337
1412,43405,4190,338,90,22,Tech,18,15.441621134237955
739,54427,5176,760,59,23,Gaming,21,13.712311465287408
1509,5105,470,25,46,5,Education,6,15.694283316362657
1464,52895,1405,217,55,7,Entertainment,8,3.127817435527549
678,18809,637,39,51,2,Education,20,5.132681969846301
347,25561,1560,71,24,1,Vlogs,15,7.14472798391044
1730,97691,3813,203,42,12,Tech,19,5.74240558240323
1278,553,30,1,89,10,Education,10,8.353208325670415
1287,44486,4792,538,20,8,Entertainment,11,12.852534882177492
713,45754,4606,792,29,1,Gaming,14,16.273327791063515
693,25363,2011,69,33,12,Tech,17,10.687632414260195
1427,13626,1422,209,73,2,Music,18,15.305565490838086
1725,13472,1296,178,89,27,Education,15,18.197964826380854
1661,107683,6158,1090,74,28,Entertainment,14,8.021185577713625
1525,29271,940,60,97,10,Education,4,5.324155157170308
1286,20190,1343,135,97,22,Vlogs,10,7.4464995534091925
1745,29880,2718,507,82,17,Tech,14,16.667341555926786
1166,55440,3215,446,95,26,Gaming,17,9.568130861298794
1550,7976,664,59,85,3,Entertainment,12,9.834608805751515
471,29940,610,26,26,7,Education,3,2.8179430570458646
593,44422,4099,275,98,12,Tech,16,13.43654337891468
1321,148489,14759,1839,70,8,Education,3,18.42807076725439
1563,14652,1285,191,24,20,Tech,15,14.286784538099655
1439,22355,2602,110,60,12,Vlogs,22,10.791278507425137
1440,23950,2417,309,36,3,Education,14,18.895601015294137
1166,46611,5096,606,95,17,Vlogs,13,11.526359257258592
1666,22159,2497,280,83,28,Music,11,14.355234661975008
1678,38226,3751,540,70,9,Music,2,12.821521118784853
981,76214,6414,1095,67,10,Entertainment,9,11.39318278702198
1134,61204,650,50,40,22,Vlogs,7,1.1159930825972877
728,29662,1816,326,21,6,Tech,5,10.553084075034464
142,99934,7277,355,55,25,Entertainment,21,8.46966831709705
31,40938,1778,90,40,1,Education,13,6.670553286228969
671,38916,1750,119,41,22,Education,16,7.759900641902285
249,1839,212,8,41,12,Tech,20,16.109953485546725
1619,216073,23354,1435,62,5,Gaming,18,13.96876552706663
884,6660,688,26,70,13,Gaming,15,12.964284340657303
1789,13241,723,121,55,27,Education,14,10.398733567676544
1278,2754,31,1,94,15,Tech,14,1.5066111893237513
414,51182,963,148,83,22,Gaming,0,3.191033435694565
1456,12825,568,16,89,11,Vlogs,23,3.7951071778099545
1691,10023,117,22,16,8,Education,22,1.8185448728641909
1183,4736,56,8,13,5,Music,22,1.5766028060051205
1106,5552,615,13,61,2,Vlogs,11,9.411363449226881
1737,44034,3860,607,98,12,Tech,9,14.755717078590623
759,58370,2567,288,40,28,Music,13,6.5985479986711
1725,25423,625,100,84,2,Vlogs,9,2.3290187549602472
1763,32786,2173,247,93,26,Gaming,9,9.428194868907534
1469,58012,614,83,45,16,Gaming,19,1.9217123811594548
276,976,110,17,63,21,Music,10,16.56851153392555
865,19613,1091,101,63,3,Entertainment,21,6.503346807074744
1492,180877,9813,201,26,10,Education,15,8.234739817703316
232,43488,2303,398,84,19,Music,8,7.188713118129017
1237,14766,260,23,39,8,Tech,14,2.767797673259862
152,36978,2966,324,31,7,Education,13,13.9672695313121
430,21077,1910,40,52,1,Vlogs,18,7.405099584730895
796,38090,3213,348,36,12,Tech,8,13.734792907497058
323,6818,172,33,46,29,Tech,3,4.686619717756901
309,7219,531,37,55,28,Gaming,20,10.453745750747292
913,7847,570,51,44,5,Vlogs,6,7.212343720956151
1663,140620,14838,2132,13,16,Gaming,21,16.303162683636167
227,66106,3417,569,89,25,Gaming,7,8.01747668091716
1011,8959,455,43,89,4,Entertainment,23,5.734582388591492
1564,10534,822,62,94,17,Gaming,7,11.046187970687066
781,65720,5233,988,35,24,Education,18,16.270527444628087
173,8589,529,75,28,21,Tech,14,9.904877940682743
638,13465,790,32,90,2,Gaming,15,6.839472603937829
1254,165412,10645,344,54,12,Music,21,7.542692905310673
1177,14839,1553,166,35,1,Education,22,19.42078436004232
216,54281,3296,196,31,12,Vlogs,8,5.693282620619506
1379,192391,21815,1433,67,12,Tech,11,16.83009315622549
493,23543,1540,274,72,12,Music,15,9.21590449851999
1402,983,112,4,37,19,Music,3,13.60820970256921
689,14095,1432,213,74,25,Vlogs,4,11.784544270681602
793,88956,4436,305,53,17,Music,7,6.263493213310684
984,100079,10508,1648,52,20,Education,0,20.0
432,73262,1619,242,46,24,Vlogs,5,2.7022429865467332
1399,6101,681,14,75,24,Music,14,12.290001127006104
1564,79461,6315,705,26,26,Vlogs,3,8.32551629504704
176,125566,2006,90,49,28,Vlogs,20,0.7835671468046734
1201,45990,3719,654,47,11,Gaming,10,12.563882878043334
893,141505,16579,2932,94,13,Gaming,4,18.645484914917407
1764,87776,1551,147,70,27,Gaming,17,2.4337343224877985
518,55076,3911,391,18,8,Music,23,9.598931594989494
958,43141,3980,296,86,10,Tech,14,13.340127903721868
1693,21529,2134,317,84,8,Education,17,18.96825359419136
580,8775,487,41,70,20,Music,19,7.895400609438529
367,46537,1510,102,89,8,Gaming,12,4.434291108034121
901,19244,282,27,25,9,Vlogs,4,1.1778137664813904
670,100759,7432,271,11,7,Music,0,7.772446635673454
502,250658,14994,2314,81,14,Vlogs,21,6.548693089963896
180,69902,7994,178,52,28,Vlogs,17,10.279330548175805
1468,4842,80,10,51,2,Vlogs,13,2.6437840307908544
1351,17132,1462,77,86,25,Entertainment,4,8.820773022390485
1664,5876,74,4,66,11,Tech,5,1.6085696450934104
292,52664,1519,204,90,8,Education,23,5.633392265354336
173,72549,4345,863,97,13,Education,15,13.081440779922517
375,130065,7808,1249,76,21,Gaming,21,9.460405318561586
653,28928,2471,149,39,15,Entertainment,20,9.226189230958745
1046,115921,12765,659,22,28,Music,11,12.930124032094065
1625,105242,8450,1486,28,3,Music,19,11.890885168208348
910,19177,2203,220,16,23,Education,17,20.0
31,101689,10878,485,18,14,Tech,1,14.590178232150283
926,23653,1757,307,92,15,Vlogs,22,8.637825308703407
1357,17710,1801,300,63,2,Gaming,20,15.418060310733757
283,52459,4232,834,95,29,Tech,22,15.506944805749141
1705,20003,372,68,91,19,Education,12,3.870899385192276
482,49840,4558,790,70,12,Entertainment,16,13.058886787054172
1090,47158,963,28,96,25,Gaming,16,2.6843144129963474
1213,41541,3130,121,11,20,Education,15,12.769746875307908
1044,24035,2098,256,59,4,Music,20,11.98381242356114
38,39858,690,79,84,3,Gaming,17,2.9108762577010734
1286,45477,1609,164,40,5,Education,7,5.143473237350603
1152,39548,4378,400,42,3,Music,2,13.78508057422355
1712,29487,2293,223,87,25,Music,16,9.99840917425147
845,838,31,3,89,15,Vlogs,17,3.886979787990277
237,44322,3810,77,20,19,Entertainment,22,8.872532551446037
1184,9322,705,47,42,2,Vlogs,5,7.776063063227705
433,51541,3359,380,16,12,Education,7,12.174506477167737
181,71319,8371,1255,40,5,Tech,22,20.0
83,34801,2964,152,57,22,Vlogs,12,8.774450262047875
1173,39184,2010,238,56,17,Tech,7,8.68688121850387
1726,151387,14837,2204,87,14,Music,18,14.35009199776147
657,94020,10088,1009,62,28,Education,5,19.31005797427814
616,122908,2922,72,89,27,Entertainment,22,3.4498176069109308
1678,84137,2697,272,28,22,Tech,14,5.454275780341256
1473,5865,198,14,90,10,Education,9,5.17199236532904
1475,8166,702,131,99,3,Tech,16,15.337999457185111
133,37493,2862,121,15,4,Vlogs,0,6.511209558445608
283,14222,1110,152,58,6,Education,6,14.037109577263797
1280,32479,3685,108,82,24,Vlogs,12,10.382229051943348
1165,25173,2400,240,59,25,Gaming,2,13.1294673322756
539,39960,961,115,90,22,Education,18,4.149188134572482
1526,68793,3317,244,21,16,Tech,14,7.142714301909459
128,62949,3644,371,32,7,Gaming,4,8.955921561869673
182,36927,1977,97,63,15,Vlogs,10,5.851848495113906
943,86509,7234,540,78,21,Vlogs,21,8.725129322075842
907,28281,3057,402,68,28,Tech,17,17.07842606124555
367,113612,4960,368,45,25,Gaming,2,5.686599604534158
1759,3797,268,48,12,20,Music,5,10.61945334444065
851,154778,14987,1994,67,26,Entertainment,2,11.728241548153301
1216,53266,2971,294,97,11,Tech,4,7.883681353450725
1773,24007,684,18,64,22,Vlogs,8,2.699121292422606
986,11079,689,75,66,21,Education,18,11.198202696510528
1734,32717,525,82,26,1,Gaming,12,2.1808337170476664
190,10918,1240,84,48,5,Music,5,14.714260384487755
1633,9195,167,27,99,13,Entertainment,10,2.7210786385262855
830,48131,2802,183,77,21,Education,20,10.64833600556636
427,37120,2534,426,64,14,Gaming,20,10.561109239096409
1330,55547,6575,232,54,9,Music,13,13.969511230688843
845,132782,3752,660,85,17,Tech,5,4.857876431392941
1557,38092,860,94,10,15,Music,5,2.979265156238106
1445,43586,477,35,30,21,Tech,16,0.8636021424439951
1188,4795,130,8,92,7,Gaming,10,2.7875693807490256
1248,63327,2077,203,30,27,Music,14,4.119568846945527
430,25633,2034,406,61,22,Entertainment,8,10.62189668272831
669,188119,6427,383,91,22,Music,20,4.582195042864236
1086,86729,1063,41,52,12,Gaming,16,0.6830731604943137
717,37057,3740,468,61,23,Education,23,18.118914247708236
489,6675,335,36,76,6,Education,6,8.86981951143924
984,98197,4802,549,53,21,Music,6,5.703459043092319
499,80517,3484,487,41,16,Music,20,6.859086859630558
1428,10302,1208,82,19,26,Tech,0,17.023351058712304
1075,17597,505,92,73,5,Gaming,7,4.247822249971217
779,78950,8590,845,88,9,Tech,4,17.05295666273224
1723,10342,987,42,78,14,Entertainment,18,10.558449306150425
67,125001,2301,353,77,8,Education,7,3.702545028017523
259,27728,3286,446,37,14,Vlogs,16,13.491003381591412
1418,4653,185,14,62,12,Vlogs,18,3.4312417237644186
592,84672,1764,232,60,10,Gaming,11,3.3908288091204732
467,23481,2376,141,62,20,Gaming,22,14.227238996649675
1336,37480,3288,329,13,20,Vlogs,14,9.180038142250925
56,6056,471,85,88,26,Gaming,3,12.269282576426024
255,229,6,0,26,21,Education,22,3.9854622214504922
1330,50903,3188,285,76,13,Entertainment,11,7.199271722676018
827,36298,3479,583,83,29,Entertainment,12,12.073811008803588
1662,45113,1957,380,56,19,Tech,13,7.34727280805198
313,79031,3499,355,65,15,Education,4,8.8394080319128
908,52108,539,59,32,8,Gaming,21,0.7131228931174068
989,9704,283,34,27,23,Gaming,15,3.857806865515504
1534,22474,2388,448,10,21,Tech,6,18.308761113060463
482,118265,6929,1208,44,10,Tech,14,9.775175536797716
1049,73571,8700,441,73,3,Gaming,12,15.26055160498597
845,40768,2182,215,67,21,Gaming,15,7.795212985145421
688,14861,1317,136,68,3,Education,11,16.597350297602397
1569,18081,741,120,10,26,Tech,6,6.937004458819145
576,65930,3297,423,12,5,Education,15,9.00371535363786
1245,95348,2953,406,76,16,Music,22,4.940603435120212
1102,55749,2685,536,46,17,Gaming,22,6.899623885040136
1565,83013,5827,195,92,6,Vlogs,12,6.8596475616232535
46,72862,8677,521,38,26,Vlogs,22,11.485254996128843
1225,8208,681,63,98,20,Music,2,10.619458001911427
1273,27677,883,72,42,20,Gaming,14,4.557539147534039
187,8401,125,2,70,16,Tech,2,1.1675306525707692
506,13509,322,11,99,24,Vlogs,6,2.292354594372382
1099,101827,7319,1043,13,2,Tech,17,11.963729384724353
1426,32117,3024,539,23,20,Vlogs,13,12.027960251307487
547,38424,4359,490,42,15,Tech,17,19.34505236351791
128,9927,116,13,31,18,Vlogs,18,0.5
1798,18818,1270,83,57,1,Tech,13,10.379143704612739
1090,13184,814,128,12,26,Music,19,8.757158858118899
309,11645,956,148,96,29,Education,5,15.67989088680292
1402,50900,3642,458,94,29,Tech,7,11.631061730292398
526,14945,1278,74,32,19,Education,6,13.588277836597937
331,50085,4126,154,77,12,Education,19,12.61214643841395
210,3111,71,2,30,8,Gaming,17,1.996214477091213
636,7744,758,96,52,6,Music,17,13.679029353546465
1152,16147,380,64,94,12,Education,14,4.722648787347087
729,45546,3955,690,35,7,Entertainment,19,11.204990726131602
1022,56426,3147,325,50,18,Education,21,10.71360757004679
1169,29334,1951,314,47,22,Tech,18,10.935560375804856
220,29610,3238,616,97,14,Education,21,20.0
282,64561,6965,484,20,8,Tech,20,15.995758934719328
1010,897,89,8,38,24,Tech,20,14.7389293650644
957,20958,1385,259,69,20,Entertainment,1,8.889657523397354
1214,85482,7777,629,76,22,Education,7,15.058732541880605
1309,46318,3076,567,74,14,Education,20,13.5605695028395
1376,20666,2183,429,70,5,Vlogs,10,13.067655654110277
157,118070,6411,891,28,9,Vlogs,17,6.487111704265296
47,74157,8656,1445,55,8,Gaming,22,19.116652124416113
1788,15487,1743,270,58,2,Tech,12,18.97328936751659
595,51922,4754,693,31,28,Entertainment,8,11.004630737094747
599,45386,1848,139,87,16,Vlogs,8,4.598824704716329
1376,25740,630,19,66,13,Education,16,3.7089947650526143
715,22960,2388,195,23,7,Gaming,6,13.472826901978957
655,21146,595,83,53,16,Entertainment,8,3.6626245489079263
1341,48106,5001,192,25,7,Music,21,12.31974482277504
883,29306,1875,41,86,27,Education,0,9.714841416217505
1716,89248,4883,220,21,14,Education,1,8.609167205619926
991,55472,6065,902,64,14,Music,3,15.168817104590726
1692,3724,284,55,60,12,Tech,13,13.727091266718073
184,51205,3759,740,48,1,Tech,3,13.34528966335432
519,15914,1137,123,42,1,Vlogs,1,7.295217422716917
1439,45024,2288,403,42,12,Vlogs,7,6.7938256708203255
814,57092,5504,840,38,20,Education,17,18.428841480509416
1157,13222,499,54,78,21,Education,18,5.372296515726932
1446,30619,3468,426,79,15,Vlogs,13,12.261827523650592
275,10656,1154,51,40,4,Music,19,13.442739805039183
1229,2787,131,24,89,7,Vlogs,9,5.506448579261211
1092,23879,2154,179,40,16,Education,16,14.810498702049054
1530,22644,1654,165,98,3,Entertainment,7,8.035157157425008
1735,270067,12731,1793,55,7,Education,13,8.281285664989374
788,29661,3521,282,86,29,Entertainment,20,13.375206017180341
567,20390,260,17,61,24,Entertainment,22,1.2322807878856585
950,43531,1645,219,19,22,Education,7,7.292626378434698
437,4747,319,7,97,6,Gaming,4,8.421473085832677
554,163170,11000,1647,83,16,Vlogs,15,7.895427330761501
857,50487,3775,424,50,24,Tech,7,12.674505223393757
1559,70391,6524,841,86,8,Education,9,17.700497396563456
932,9445,742,99,12,23,Entertainment,7,10.209313631153984
65,26437,2010,230,68,22,Education,8,13.098840695025707
714,27568,437,54,61,6,Vlogs,17,1.3041673308735602
49,86344,4439,635,43,10,Music,2,6.467799281542646
350,161,5,0,58,16,Entertainment,16,2.672452547077883
541,17994,705,106,37,11,Tech,19,6.947280573935105
429,198891,14116,2491,92,13,Tech,14,12.226920168792882
683,32307,1032,55,96,29,Tech,20,5.036648633136756
1001,24205,1024,94,22,6,Music,16,5.71549272554655
500,6481,233,44,78,24,Gaming,7,5.899309175693198
1196,182900,20911,1910,76,1,Entertainment,1,13.903508594419167
1145,1111,126,5,70,21,Music,16,13.988526761760596
1407,66914,5158,591,69,19,Entertainment,17,9.506625281305883
863,73280,8185,325,80,12,Music,4,13.257267642206507
756,14062,1356,76,33,24,Music,8,12.008014940834324
883,55769,4176,833,72,27,Gaming,8,11.744492196767371
80,4976,53,6,95,6,Entertainment,1,1.2363732535138787
1718,14956,1420,101,70,18,Music,1,11.679053971019194
1751,77635,6775,1348,32,13,Gaming,18,14.211706923666913
604,100107,7776,1508,39,7,Education,22,15.692060567576833
1243,46986,4400,437,69,23,Vlogs,2,10.428541811572824
1178,35445,2354,157,27,13,Music,16,8.20128820613073
179,8776,767,131,65,21,Tech,13,15.348341638759022
343,3359,379,56,62,8,Gaming,13,18.20558594876883
599,6358,326,46,16,21,Gaming,13,7.708414734328501
1395,12996,1142,206,78,17,Music,5,12.765138310065883
334,21002,1308,188,81,9,Gaming,2,10.256198440876675
1745,24075,2026,144,88,20,Education,0,13.429714681897165
711,21357,2005,290,61,13,Gaming,15,14.451357429634559
867,13759,206,15,13,2,Vlogs,3,1.0544789564912456
1107,35739,2899,454,43,4,Vlogs,0,9.57959535140286
1032,87330,3051,401,78,29,Tech,16,5.878249729469961
473,16504,1381,46,42,25,Education,17,13.635764518401409
642,142800,8784,986,78,2,Vlogs,7,7.202944470921228
1022,103411,9833,804,47,4,Music,1,11.901773808967484
293,8922,210,16,35,18,Entertainment,17,2.5765912381811535
1106,77253,6094,782,10,5,Entertainment,15,10.022573638123982
1625,42834,1740,135,13,19,Entertainment,9,4.910590370551522
1033,41901,4350,695,48,10,Music,7,14.275228641218817
1673,24900,2791,91,63,18,Gaming,11,14.252410319602223
34,34872,4170,579,99,25,Music,21,16.60426263502239
1156,25406,2478,410,42,21,Gaming,15,15.460443385702119
1249,38897,3613,509,42,10,Entertainment,11,11.553985955183071
803,49536,1669,182,81,5,Tech,10,4.862410611582541
906,56189,2638,504,29,17,Tech,19,7.800363932904062
1021,38115,2333,172,25,22,Gaming,18,8.21086031968264
913,64002,6084,142,30,13,Entertainment,0,10.002086412538885
1403,7715,853,83,54,23,Music,2,14.03247491108145
76,12011,370,9,99,17,Tech,11,4.783834234388579
896,85489,9528,1826,96,9,Gaming,8,19.605406538564175
852,19569,1693,97,91,24,Music,20,10.695311857850038
965,1257,97,15,71,12,Entertainment,21,9.948775303226524
685,8449,270,43,40,14,Education,4,5.769004329607501
298,12755,205,12,51,14,Entertainment,0,1.9390145182900047
399,157804,11445,1508,21,8,Entertainment,9,9.847070720942174
665,42653,3483,99,74,23,Music,16,10.3749974835819
1159,135052,4481,479,82,5,Music,3,4.967177056934046
1723,42902,3055,69,12,19,Vlogs,14,6.8806383826476605
1712,32734,3411,633,99,28,Vlogs,18,12.826425646416087
686,18924,1927,377,18,14,Music,7,14.964302812573619
149,46717,5232,313,60,9,Music,22,13.722710616347339
860,7594,381,21,25,7,Education,14,8.127896971413094
1657,114367,5144,800,97,27,Education,6,8.56846793861633
1111,88501,8180,536,87,26,Entertainment,14,9.94010750052638
1399,19201,1102,199,12,26,Tech,7,10.340346484857623
770,152765,2998,369,33,8,Education,22,3.4245026960496903
1527,87305,3588,298,82,14,Entertainment,9,4.402795942219823
146,54976,3081,523,22,22,Gaming,17,8.630003438638226
820,6591,277,30,11,28,Vlogs,3,4.603990736563727
1180,32626,1518,279,80,14,Tech,14,8.856428736426754
1446,35371,1496,279,30,11,Entertainment,10,5.601079566225467
1042,13334,194,9,28,14,Music,21,1.7450606063832037
1694,4267,341,6,98,21,Gaming,2,10.65970192956836
1111,75067,5682,1119,56,8,Vlogs,14,9.942933051914949
663,6607,540,98,31,3,Gaming,2,13.569429456856419
542,45205,1408,42,84,28,Entertainment,14,3.498090959349393
831,137895,5863,996,42,29,Education,5,8.127595141756032
1149,104516,8168,836,41,29,Vlogs,0,7.963325736476959
1691,16369,1243,82,73,23,Gaming,13,10.15046206246514
1171,95441,6270,1117,94,18,Education,15,13.286073338405526
589,116,5,0,48,3,Tech,0,5.096760285790091
1654,992,109,20,93,13,Entertainment,20,15.14208740007408
517,46234,2190,124,81,12,Entertainment,16,5.062721085263151
1290,22790,1370,178,51,15,Vlogs,7,7.200641134274458
926,24525,2074,124,18,18,Gaming,17,11.205152522902472
1325,41656,2904,343,34,5,Tech,15,10.947680246247884
1242,10746,517,73,98,7,Music,5,6.145513109697038
733,11997,694,37,11,11,Vlogs,9,5.24570493697515
1500,33240,3237,368,28,26,Music,9,13.598262447280076
610,70272,2852,297,29,27,Vlogs,4,4.463181782419808
819,48413,1241,40,79,11,Gaming,11,3.3552283337971462
890,17745,788,131,26,27,Tech,19,8.369020059638142
276,28235,2920,234,98,15,Gaming,16,13.702022347641288
1129,9456,187,23,77,10,Entertainment,13,2.6428662961969502
183,3978,473,53,93,15,Music,13,15.191195970368362
1709,76422,5312,596,12,13,Education,2,12.309770364670714
1488,15520,1836,72,96,14,Entertainment,11,11.97852177974195
1026,9886,1119,107,60,17,Entertainment,19,13.770509616482185
1139,58920,3523,357,91,13,Music,17,6.807159623246043
726,48223,1535,233,35,10,Vlogs,11,3.5186494301719873
1338,50245,1413,241,65,25,Entertainment,1,3.0063011242519737
1273,13096,476,56,73,1,Tech,1,5.232687020512629
1122,13340,1175,41,17,1,Entertainment,16,8.91659969027003
1100,12574,503,31,90,15,Tech,9,6.348193291671397
1038,9643,458,22,46,16,Gaming,17,5.935237171005528
123,53415,3171,134,36,12,Vlogs,21,6.641019278785322
987,94298,10415,894,54,26,Tech,18,17.65436620668329
1041,64525,1989,121,13,24,Entertainment,20,4.369833184473213
482,78633,829,49,95,6,Vlogs,0,0.9646770166772862
1257,26042,432,12,99,6,Vlogs,23,1.5065110646297453
941,53176,5824,135,97,12,Tech,3,14.956357696228707
247,21966,1784,68,46,25,Tech,3,11.14496609968059
503,37375,1496,76,80,15,Education,1,6.756370841052339
461,32953,971,94,42,4,Education,18,4.744069806451671
370,9833,416,46,40,24,Vlogs,20,3.6605223703611243
580,24575,556,25,64,4,Music,11,2.9890244603302256
1665,166065,18859,1819,21,2,Music,9,14.495678901792234
1342,14389,1385,112,20,27,Education,12,16.098494742442643
1307,7282,443,23,97,24,Entertainment,21,6.108547206015311
1787,27214,2861,60,81,12,Gaming,22,13.654071397223623
386,78212,2928,304,41,7,Vlogs,19,4.247386111844438
52,43731,3886,557,66,20,Gaming,22,12.951868406893057
551,57224,5961,362,47,9,Education,14,16.85322101229346
1153,10617,522,22,69,9,Tech,2,6.624315958292081
831,48340,4511,810,95,8,Vlogs,22,11.537558389004142
1233,19641,833,57,28,14,Education,19,6.663784457445621
1276,89979,3857,232,93,1,Entertainment,12,4.538536072180317
791,49717,1082,188,65,23,Vlogs,7,2.586753139801451
1712,11185,653,109,23,21,Vlogs,6,6.838349944878164
471,3439,310,31,42,23,Music,23,10.635823016796778
1661,2278,258,27,19,12,Tech,7,17.685218427585273
798,23313,1781,105,89,25,Vlogs,17,6.709006308586017
1045,15552,1632,55,73,2,Tech,8,14.273133063776271
1378,52035,5228,644,73,13,Education,5,18.34141468595608
545,34690,1008,38,71,27,Entertainment,3,2.5097589387603056
1069,15563,987,99,77,4,Entertainment,14,7.88732457774793
821,8181,187,35,52,20,Vlogs,4,2.1512670205466717
365,6902,586,112,89,18,Vlogs,4,10.249993007703319
287,100098,11460,722,68,19,Education,6,19.736555666693008
526,14051,352,46,61,16,Music,8,3.1271034294077666
925,52836,4793,504,28,27,Music,6,11.569455006676113
189,83317,6627,1177,30,14,Music,8,11.696916297801572
1528,47706,3539,243,31,29,Tech,19,11.026251064642794
881,98250,5198,107,18,8,Music,9,6.660029332507366
1717,25011,1227,60,18,12,Entertainment,3,4.679097301466896
719,156531,2344,194,82,9,Tech,5,1.741541438107981
1728,7244,246,18,36,6,Education,23,5.46114759295363
409,5487,64,10,26,26,Entertainment,13,1.589155967453647
1598,53848,3982,567,53,18,Entertainment,8,8.893749338398653
986,143187,3099,229,54,2,Gaming,0,3.18833411770685
720,82843,8784,899,17,23,Education,16,18.60170056152249
1480,4074,275,10,89,8,Education,12,9.705578268989541
1666,16481,1433,260,27,24,Gaming,23,14.254509673361323
1321,133291,7356,1385,42,14,Tech,6,10.016308139786975
1630,14688,1052,206,10,6,Music,8,11.25998871650919
1470,76073,8648,1524,85,10,Music,10,15.71205989683725
1221,87286,1667,85,15,8,Music,2,1.812642479584982
1096,34304,1301,36,50,17,Music,11,4.124942257111243
1609,24516,2348,291,64,25,Music,20,13.8015234251002
314,30003,625,115,14,29,Gaming,2,3.2964462255959397
426,12971,237,12,68,12,Education,14,2.285846518115608
41,110187,5483,116,89,17,Tech,20,6.885304228674602
1660,30048,605,99,27,13,Entertainment,9,3.0965633986630547
1355,107148,7967,269,58,19,Music,0,9.091505920753075
1306,5685,198,18,91,12,Gaming,13,5.0388241774438765
528,222402,24136,3432,74,16,Tech,19,18.178323494639418
783,29384,2826,176,92,25,Tech,5,12.81740651611583
64,2550,221,7,63,27,Tech,1,11.984336495500715
756,2038,158,25,70,5,Gaming,22,12.231371407026417
878,68661,7208,961,17,25,Entertainment,7,13.095314566174723
119,53898,1861,368,12,16,Music,0,5.637218833746784
805,81107,8600,704,34,25,Tech,3,15.841227759759489
634,5667,548,17,78,6,Gaming,3,12.051643784240555
999,1910,176,26,64,11,Education,4,18.28650802312979
1655,35622,2555,291,49,17,Gaming,19,10.130971279516626
1051,24618,913,53,92,26,Gaming,8,4.853452059764959
447,31089,1759,282,91,23,Gaming,22,9.353197794300716
144,239007,23253,1317,59,14,Tech,12,13.55504820731029
646,176693,2384,159,42,6,Gaming,17,1.185731840506384
1249,142738,13706,502,27,25,Education,16,15.963890154780719
855,76687,2792,256,66,23,Tech,0,5.185843311599752
1554,22012,569,54,25,28,Education,21,4.743775577403411
1679,26662,605,68,89,11,Vlogs,14,1.380457769363121
1546,39982,519,76,47,12,Gaming,1,0.5476582390394609
1128,88855,6006,1099,50,13,Music,15,10.181770460305753
442,3659,124,5,16,4,Music,19,3.903273851627962
1429,27708,3292,98,87,7,Tech,21,16.353292249872975
1473,4411,322,7,62,2,Music,4,9.111823437048892
758,36245,912,41,72,6,Tech,21,2.8412327165976614
1330,114682,9835,1361,98,6,Gaming,18,12.973661238512543
1050,76374,8305,1253,41,18,Entertainment,4,14.748240532251057
790,13028,1198,193,47,20,Entertainment,1,11.502210722257573
705,186566,3434,219,31,8,Education,6,2.722827241237253
1447,55133,5984,449,25,8,Gaming,2,13.894435835091725
486,624,60,6,61,29,Music,16,13.743732321891985
949,14846,406,12,38,8,Gaming,23,2.2416078772018437
221,15203,238,30,25,8,Vlogs,23,2.1327239084230243
768,3688,262,51,85,1,Entertainment,2,9.103281509125454
1742,160827,4368,371,26,2,Music,12,2.727669348451074
1152,32628,3321,516,73,12,Entertainment,6,13.713278917857654
1601,113179,5592,615,98,15,Gaming,23,6.639527630543027
1007,19546,2158,92,22,4,Music,2,13.366222994772555
1038,6789,490,61,81,28,Education,14,14.067722744345536
125,32254,970,71,65,25,Gaming,17,4.2201486640366435
1717,6149,155,4,14,3,Education,9,4.182427004222557
692,33378,2450,329,21,14,Music,22,10.18690030243713
1243,126572,11873,2073,50,22,Entertainment,6,12.546901824009208
1789,36878,3539,290,12,23,Vlogs,8,9.486397955169148
66,48020,1936,174,42,8,Tech,4,7.138520026429789
1422,8617,279,50,95,13,Entertainment,19,4.57220471195264
1748,2336,27,4,59,23,Education,7,2.2655563662978735
1578,5972,505,75,65,19,Gaming,13,13.327400672185593
308,45731,842,54,18,22,Music,3,1.9036790642417991
246,5091,286,52,91,5,Entertainment,19,8.091896765947242
896,23679,1803,86,59,13,Vlogs,13,8.160147409623443
902,40035,4527,601,38,28,Music,11,14.92535005680725
1326,24704,1094,27,48,26,Education,1,7.0571458221854115
91,9037,338,45,54,20,Music,12,5.228449628378345
625,16095,1319,92,26,1,Music,0,9.925736179425385
758,131875,10301,1039,65,16,Gaming,19,10.612397544535169
1395,56447,2626,215,55,29,Tech,6,7.370316373914314
426,34363,3851,196,76,23,Education,8,18.566202899248566
728,739,76,10,78,24,Gaming,16,15.383957175365117
1072,244181,8457,1511,23,2,Tech,20,6.233629421005206
206,55754,2024,389,76,7,Gaming,22,5.93842655589627
1665,19157,1271,69,32,6,Tech,12,8.978232122109183
425,105809,10061,1500,70,5,Tech,22,16.05257089171664
474,15049,223,31,32,29,Tech,9,2.3821212900322295
1286,39364,3395,277,36,4,Gaming,15,10.972705643746513
105,50639,4117,96,63,2,Music,5,9.030810308001815
294,12591,446,64,19,10,Tech,15,5.253424570720248
484,191846,16297,3099,98,22,Music,10,12.005182412538158
747,69054,7832,1047,86,5,Education,19,20.0
764,40901,619,60,25,18,Vlogs,2,1.1856270346924993
1437,10058,454,51,50,10,Music,8,6.4018515702424965
1617,2868,166,9,64,23,Vlogs,14,4.635177085900554
880,19387,2111,327,70,22,Tech,12,18.269675556324955
1559,70056,8115,1252,95,28,Vlogs,9,13.117595398519253
1420,15789,929,42,90,15,Vlogs,19,4.788068668872938
173,38878,3596,640,96,27,Tech,23,16.28285238114438
914,65187,4464,305,58,9,Music,12,7.689859904739265
1122,5811,401,78,82,11,Tech,16,12.416374698334634
1152,57906,2350,208,61,26,Education,6,7.365439995116987
425,4918,166,8,11,21,Entertainment,5,3.775440148326854
1078,167906,6998,583,59,25,Gaming,12,5.881912746972817
977,33610,2392,237,95,25,Tech,16,11.465314260695948
920,8265,109,3,52,29,Tech,14,1.6676729475510201
1522,21056,2311,286,86,17,Vlogs,3,11.698450633133564
1537,26772,727,92,17,21,Education,14,4.586265382438621
1618,71079,2431,371,68,9,Vlogs,13,3.499233062048553
1204,68116,4564,115,74,23,Music,20,7.052901838245628
1197,47429,4179,490,90,16,Tech,10,14.366360406196291
598,5698,116,3,21,6,Tech,23,2.963828642218914
1092,8318,373,54,13,22,Vlogs,3,4.220207767728477
138,5022,585,17,86,11,Tech,2,15.591167716820129
1746,43139,1676,308,50,23,Music,1,5.055870891487615
1095,104934,4662,682,16,17,Entertainment,19,5.7492469588871495
1239,28540,2911,324,96,4,Gaming,9,15.330432108983775
964,8868,137,13,97,29,Gaming,12,2.2958874786683356
427,40927,2500,108,78,15,Gaming,19,7.553545326773799
1276,83599,4326,313,78,1,Entertainment,20,5.5868044581375855
663,67784,3038,535,90,22,Tech,22,7.090046449689019
1186,106721,4421,808,39,29,Vlogs,17,4.268321977356704
1216,16379,328,6,82,20,Education,20,3.3678791763394993
1268,10880,485,61,15,1,Tech,15,7.798702343395693
762,106036,1562,233,98,9,Entertainment,10,1.4493404014319764
264,53682,5148,676,28,12,Music,9,13.306568631034187
687,18720,1007,34,89,4,Entertainment,8,6.007366580855335
780,67907,3994,236,94,28,Gaming,11,6.951715465757548
617,84501,9151,595,75,22,Tech,18,15.299004746276262
1062,47822,3939,668,19,13,Gaming,0,14.085903414488795
1127,58319,634,65,25,7,Education,17,1.3296682437554068
983,23620,2686,289,46,8,Music,13,14.883232459553287
521,38784,1399,263,88,28,Gaming,21,5.582236065126516
942,37233,813,109,86,13,Education,20,3.025350430635224
1306,94309,8911,1619,86,11,Entertainment,0,12.742093917014117
1283,91717,5966,609,41,9,Gaming,16,9.208527737780118
1572,89492,5165,242,56,25,Gaming,10,7.446847559265367
1227,654,24,4,81,24,Vlogs,19,4.190965279429967
1706,69323,4867,499,52,16,Music,14,8.83956017875331
1221,71180,2860,150,91,10,Music,3,4.455174778347902
199,56819,6203,461,45,11,Entertainment,14,12.262092523131388
1446,70683,2380,69,35,12,Vlogs,21,2.5109675565747267
975,92348,9907,1033,19,28,Education,21,18.895313894121095
824,31874,2280,395,40,14,Education,13,13.847110794500692
663,34962,3535,664,38,19,Entertainment,21,14.104009248434949
1247,6760,597,112,14,12,Music,0,13.339324296405866
1570,24437,2117,90,86,18,Education,8,13.895032586360793
58,51652,2359,209,10,21,Entertainment,6,6.3394419534599376
1218,75897,2711,67,96,17,Education,22,4.990737565787501
1475,12344,409,71,12,3,Tech,10,6.157346479924481
368,7514,783,66,76,1,Gaming,22,14.431596718866189
1701,54489,5462,729,80,29,Music,1,13.812124410593977
1549,194,11,1,44,19,Tech,1,8.83176943302707
1418,9923,243,23,24,29,Entertainment,5,2.4767129644280144
1395,1575,81,6,76,4,Entertainment,22,5.182662985675098
529,9229,721,139,39,23,Tech,18,13.55258698546389
1710,10103,606,117,91,28,Gaming,19,8.68659257628971
540,24624,2359,170,84,16,Gaming,13,13.381419521155768
1380,25835,3093,328,52,12,Vlogs,2,13.159892811846285
246,103777,3219,628,69,21,Education,6,7.225854839830916
1354,35778,2166,45,49,21,Vlogs,6,5.694404706458257
1185,64360,3694,348,74,13,Gaming,3,8.348237244233172
1123,5598,243,9,38,17,Tech,22,5.8643478474315245
1305,12872,409,45,83,8,Education,4,5.866136782564641
1468,60791,1047,25,28,13,Tech,16,2.6868140443587976
474,2812,302,28,12,20,Vlogs,3,11.482939759448762
905,33434,1878,112,45,26,Entertainment,22,5.900702996711554
1235,45835,2963,343,52,5,Tech,12,10.067873668048257
196,46183,5120,1020,24,18,Vlogs,15,14.301895816754596
120,1259,120,19,50,15,Vlogs,15,11.032379946319326
743,19538,475,81,99,12,Vlogs,1,3.2756206308122855
1584,50697,3660,491,89,29,Entertainment,17,9.890659272748913
68,8167,478,13,45,17,Entertainment,0,6.6124633096373095
1179,59540,5816,332,93,25,Entertainment,17,11.093257656004777
1504,68606,6151,1147,86,15,Education,7,18.429055743520166
202,200883,17264,1482,42,2,Entertainment,10,9.653052670450531
682,11876,563,21,14,6,Entertainment,23,4.56579464251976
783,87285,8601,1259,87,17,Entertainment,23,12.191168254429751
1273,36829,580,42,96,16,Tech,14,2.4443656324161998
1691,23477,646,44,23,17,Entertainment,15,2.6968716442486333
1111,6626,310,61,77,25,Education,16,9.61085414948117
1713,66596,1228,214,92,20,Vlogs,16,2.2093837992453866
505,13550,485,45,56,9,Tech,11,5.026255633033487
485,23314,2362,464,63,27,Gaming,9,16.615708043377026
858,3329,380,52,13,5,Entertainment,19,14.581175304889916
924,80914,3520,540,92,23,Vlogs,5,4.842783222731669
1414,72847,2848,73,18,1,Vlogs,7,3.403871140378781
1054,66240,2701,113,62,6,Tech,12,5.0816978541704785
416,17894,725,97,86,24,Gaming,1,6.0132261148276145
377,9626,134,24,87,14,Music,18,2.8535077963767295
219,50843,5692,752,69,17,Education,21,20.0
534,34375,1151,50,55,25,Music,9,3.355527925811292
1244,9916,557,22,63,19,Vlogs,3,5.7611107931618495
1561,58003,641,110,83,1,Music,11,1.6777184872664526
1422,236333,24667,1111,46,1,Vlogs,17,10.148640307057233
1462,68861,6226,707,32,13,Music,6,11.341919071525144
853,67451,7699,205,36,14,Vlogs,19,10.113075349011764
958,150200,14415,497,79,27,Vlogs,23,8.331374233926761
963,11441,509,71,99,6,Tech,23,7.479096425341416
1170,41783,1557,224,75,27,Gaming,22,6.1057572270969995
163,194825,16900,1376,70,6,Vlogs,3,9.288295953891513
87,9133,457,26,86,1,Education,6,9.32266201859628
1609,60340,4361,725,60,14,Education,9,14.001217311790036
714,44171,472,27,59,3,Entertainment,14,0.9298251730788553
701,44252,743,87,28,23,Vlogs,11,1.8209202865433014
202,59911,4127,801,10,10,Vlogs,0,8.463461197748531
844,132790,9596,447,49,19,Vlogs,19,7.241855350332022
1202,76396,7078,1340,41,19,Music,17,13.563457139073261
109,2988,73,3,31,19,Vlogs,15,1.6670170109290192
915,95873,6370,778,75,28,Vlogs,4,6.418714496453675
1266,12879,404,35,49,23,Education,18,5.585037933126572
232,23753,481,93,47,4,Gaming,3,3.0745018368895423
793,31070,1713,118,57,20,Gaming,5,6.832609127483527
1282,32883,919,84,64,19,Entertainment,16,2.8180743687399126
1729,28662,985,193,84,10,Education,6,7.911132295818927
1280,138612,6227,725,90,27,Vlogs,23,4.251408890880741
1712,61312,2362,260,64,25,Gaming,22,5.766475607438876
1585,49971,981,65,60,2,Tech,6,2.8806842571246536
1494,2656,52,7,69,4,Tech,8,3.693638095753557
1455,117225,3664,82,17,24,Tech,12,3.9815397766049587
76,120159,1869,54,95,6,Vlogs,19,0.6900602011874547
1286,75854,5985,765,77,7,Vlogs,13,9.23413265684338
1358,452,18,1,84,16,Entertainment,15,4.111256492394441
1579,3049,124,23,81,29,Entertainment,22,5.993524566254322
1196,12859,598,109,18,7,Entertainment,8,6.587623393869645
1468,7140,591,87,99,18,Music,14,12.079760193015714
1566,25544,2701,451,11,20,Tech,4,19.303336532708414
1426,128053,11972,1677,89,26,Vlogs,17,10.714577087346454
1619,32038,2884,122,79,26,Tech,20,13.18899416585084
1312,774,48,7,94,22,Entertainment,19,7.625690928075584
685,16716,1442,83,99,19,Vlogs,7,8.832790391640646
500,2380,168,13,68,9,Education,14,11.906310952072143
1000,1948,65,10,28,29,Gaming,20,5.33687066103007
1065,16228,534,62,37,20,Gaming,8,4.905150365923713
1383,16221,691,120,81,10,Entertainment,18,4.51710691689131
765,77452,8534,497,23,13,Tech,21,15.58024260949036
813,184214,12934,1673,33,18,Education,5,13.258562637993547
997,23297,2113,74,53,16,Vlogs,3,7.467432308263049
387,28108,1352,183,65,22,Tech,10,7.8441083753418726
1001,93248,5114,804,99,17,Entertainment,9,7.573941066524323
1461,15708,374,46,60,22,Tech,2,4.303840137462101
697,8602,248,16,41,13,Entertainment,0,2.76702905110209
402,95996,9696,248,59,12,Music,11,12.305189704271884
1061,2480,184,7,50,10,Gaming,22,10.03734230676401
1175,48439,2282,301,75,1,Gaming,14,5.907516372422611
1401,41376,4067,765,34,8,Tech,14,17.448627781704847
705,21326,791,45,70,21,Education,20,6.211959291279184
119,19030,2233,340,75,22,Vlogs,13,14.51953824945551
1701,73989,3546,623,51,18,Entertainment,6,6.3835808996870185
727,4619,217,24,74,2,Vlogs,16,5.759348590935343
1369,13610,603,84,45,16,Gaming,23,6.217412957611681
1231,66022,1547,257,85,12,Education,18,3.71253321681401
569,39839,885,59,18,9,Education,6,3.3735033405148878
761,6947,564,41,45,3,Vlogs,2,9.051879952390028
898,107011,11371,228,47,22,Gaming,2,13.600799260493897
70,25098,2433,470,42,26,Vlogs,17,13.246894581138614
769,88074,2247,416,51,21,Tech,19,3.716230768586345
1757,77590,5432,856,70,28,Education,21,14.087691338116173
531,49064,1060,36,55,4,Education,13,3.764469012164552
988,34208,512,51,95,26,Tech,2,2.053491719766924
1198,194590,15995,613,98,2,Gaming,6,10.841442320478626
1254,7930,546,12,70,8,Education,6,10.677656848505038
958,64677,1230,161,27,10,Music,4,2.7366764139442497
1777,10709,148,28,79,16,Music,2,2.188903157261578
490,20744,2465,449,91,23,Music,17,18.255107460756896
761,18558,246,35,89,11,Entertainment,14,1.6404810836459953
781,147007,8658,323,24,18,Entertainment,19,7.109146127177718
954,171204,11215,777,57,22,Gaming,13,8.70966186968954
938,10206,233,18,81,14,Tech,3,4.238016866389532
1611,1214,34,5,22,8,Vlogs,23,2.474272022599219
1600,63749,3104,510,52,23,Gaming,7,7.048193316540907
1306,27163,2547,227,69,15,Vlogs,20,9.298661209814123
419,4751,312,29,66,17,Gaming,12,9.765636914635614
1647,57661,4622,129,80,21,Entertainment,21,7.831778635778319
912,39484,4673,336,26,18,Music,7,15.509237873629028
285,197010,18613,1884,59,6,Tech,14,14.465617961577934
738,13000,751,30,41,23,Entertainment,16,6.335604387585728
479,25973,1535,155,31,14,Tech,4,9.48810575123636
39,39203,3060,531,64,23,Vlogs,19,8.949762468878282
853,78538,6533,814,66,3,Gaming,3,11.655518940164017
827,39896,2596,88,22,7,Education,10,10.448677942284764
1295,47553,3848,209,56,15,Education,17,13.138082328393818
1304,12918,162,17,96,21,Tech,9,2.04055494725118
906,93939,5378,457,71,24,Music,16,6.5690975563301786
1058,28085,1142,96,63,28,Music,14,4.899530096046317
1172,7696,186,21,38,16,Tech,5,3.597654752777623
1045,54660,1145,143,31,16,Entertainment,22,1.2541284382804962
403,12273,937,153,74,8,Education,20,15.633641038042478
1118,5232,353,28,38,7,Entertainment,15,7.283279587125949
175,99120,3756,619,57,6,Vlogs,14,5.259778747241999
253,30924,1911,154,14,2,Education,7,10.38193042425338
1292,69271,4443,133,44,22,Vlogs,8,5.678036865707224
206,17265,543,65,83,13,Gaming,10,4.028104419530457
882,77416,6327,796,92,12,Entertainment,1,10.679957962113482
1335,6035,578,108,80,15,Tech,12,17.145226809869712
92,22100,2145,323,55,27,Education,3,19.630728991815626
1270,191076,14573,2698,44,9,Entertainment,8,10.170751996752884
856,79091,5242,961,54,2,Tech,4,11.635550047723237
824,34483,576,74,22,17,Gaming,18,1.5640513031538463
718,20858,868,99,19,27,Education,21,7.254378899343983
1514,102939,2085,250,75,29,Vlogs,2,2.1350479055059632
1663,39456,4577,897,79,5,Gaming,20,19.339148877776193
134,71128,1768,281,81,11,Music,2,4.496720576840589
1152,70243,1875,73,34,22,Tech,5,2.654827946585961
540,1005,108,17,53,19,Education,9,20.0
414,6848,779,39,69,24,Education,4,18.526285567558823
434,53986,5087,511,56,7,Gaming,2,13.556550075596817
852,8914,94,5,49,2,Education,21,1.6830808838631757
547,14851,150,21,16,16,Tech,23,1.5091303993528156
505,146632,7564,1345,55,12,Gaming,6,7.754926989460498
738,41169,1061,76,32,23,Vlogs,21,1.8898639369920534
1698,69560,836,29,92,15,Gaming,17,1.1739764441936642
800,40920,2498,184,55,1,Gaming,22,7.583272222492847
1490,40305,4584,646,95,25,Vlogs,7,12.857556151380745
1076,5044,230,18,22,13,Music,0,5.524822460179988
1026,21154,1749,122,30,23,Tech,3,10.880284183313547
1618,16694,1364,72,10,6,Music,23,10.67858844908556
706,24874,935,102,28,13,Music,6,4.977559689031436
743,80159,6536,455,69,18,Music,13,8.896052326060111
1511,23355,779,118,42,3,Entertainment,12,4.259669816564713
112,30146,706,23,13,1,Music,9,2.6267290855050955
1198,25423,2215,309,12,15,Entertainment,22,10.318181045230439
1138,5003,112,7,61,26,Vlogs,17,2.26323593082198
1131,29186,3492,377,37,13,Tech,0,18.284332029896238
486,10983,331,23,79,5,Music,3,3.8048516963701533
30,10434,786,117,79,25,Education,15,14.308678266621497
80,5037,278,52,64,13,Vlogs,15,6.361590694055984
714,22154,529,97,66,22,Entertainment,17,3.1565854126558786
746,70933,926,115,96,5,Tech,7,1.2039613782762981
1499,16278,1277,131,25,28,Gaming,9,11.095911067335825
478,18823,1858,310,33,19,Tech,15,17.376406836116118
910,51555,5290,756,78,21,Tech,22,17.660696159276863
517,10997,693,36,50,24,Music,23,8.124565484241371
63,113730,10863,1822,86,28,Music,10,14.699129537361413
1401,36818,3093,300,56,18,Entertainment,5,9.608479556860022
124,29774,2669,144,85,21,Entertainment,0,9.40194374699078
1125,40901,2625,185,78,22,Music,11,8.306243466491606
1604,9178,731,49,40,10,Music,5,9.454491393959529
183,47627,4696,532,39,24,Education,12,18.118684931396967
279,22657,1218,75,27,8,Education,16,9.391487142262815
703,113841,11231,474,53,15,Vlogs,0,10.541339121136707
467,9347,702,29,36,21,Music,7,9.143585361985787
147,35467,1001,125,35,25,Gaming,21,4.314801810771195
800,45679,580,88,69,20,Education,7,1.81087465839133
1359,1797,89,6,27,28,Entertainment,23,6.016406287182797
297,22703,1592,41,98,25,Tech,10,9.748588762905175
1107,66057,6762,290,65,27,Vlogs,13,9.675858087536888
265,85944,2064,381,40,23,Education,23,4.670266752993273
418,18882,1850,201,68,22,Tech,9,15.24322661771557
1019,80221,8417,855,11,4,Tech,14,16.29149432698328
1787,171820,4566,122,48,2,Education,6,3.2214639659510302
792,97301,10087,1524,70,24,Gaming,6,16.698228265495864
430,6357,756,86,72,6,Gaming,9,17.975311503329984
653,67401,6062,341,27,28,Vlogs,3,8.8307690176542
796,19358,1864,74,26,3,Gaming,17,12.159482550410956
1356,223006,26623,2369,48,7,Vlogs,9,12.456643108481567
948,33314,2551,435,80,10,Entertainment,18,10.210570240603401
1260,6630,290,50,63,23,Education,13,8.498481063721995
1282,64682,6605,848,85,6,Tech,12,17.00510838379244
882,19605,1521,229,44,16,Vlogs,14,8.250373228956313
607,291877,21578,878,20,2,Gaming,15,9.153082464959864
104,195160,7396,930,70,24,Vlogs,1,4.641674194447208
464,53475,4983,697,53,17,Music,3,13.215412386869794
132,7053,133,7,77,13,Vlogs,20,1.5176935744271742
1475,58155,6494,1158,34,1,Gaming,17,18.17437750707104
1757,4982,228,12,57,6,Music,16,4.923522509514417
793,1590,38,2,41,5,Music,9,2.6404635730799897
767,86668,5083,669,93,25,Gaming,20,9.305810303014862
835,11870,174,23,13,13,Music,8,2.3893227255353056
1359,23923,2040,297,47,28,Education,14,16.470855566943662
127,181550,19842,796,72,23,Tech,11,14.80473481611433
827,20636,2106,364,56,18,Education,20,20.0
1388,17683,424,49,10,29,Education,8,4.283436720944107
888,125278,2992,313,12,12,Gaming,13,4.069949927311155
464,5968,593,116,95,7,Gaming,12,15.632842688600153
476,71368,7969,1221,71,15,Tech,5,18.461918423560245
1361,221516,13440,554,73,3,Vlogs,18,6.285998200050768
278,115881,7519,1174,26,16,Education,3,13.41362662044905
195,52829,2377,88,87,1,Music,19,5.253890118495692
1534,18948,2053,51,71,27,Tech,16,15.34134641944703
1013,14773,1195,110,44,16,Education,18,13.860047041229834
1388,85633,3571,710,22,24,Vlogs,2,4.2981270259300235
1049,106039,4545,233,44,12,Music,13,5.447602494430589
571,37367,4036,569,52,19,Education,16,20.0
788,14108,162,8,11,27,Entertainment,12,1.7912656434660978
1159,6092,277,41,65,8,Tech,8,7.06817218511141
1616,4660,330,36,86,23,Gaming,0,10.22717681743716
110,63583,1672,238,60,12,Education,16,5.472023473184433
162,27346,550,31,63,15,Music,15,2.589774858224858
826,117983,11760,1813,25,2,Music,17,14.953404133334045
929,67390,7304,1455,27,29,Tech,1,19.37196613588305
167,10713,1077,150,16,17,Tech,13,16.651102803013114
213,47667,5189,564,54,7,Music,21,14.66610226392035
1454,28691,2032,378,45,13,Music,22,10.903398882885133
1383,43148,4286,97,50,1,Music,16,11.13184189516051
814,67083,3504,530,51,6,Education,2,10.555929617122207
1561,82145,6841,1231,16,13,Music,1,13.04311225224269
1013,92910,11035,343,24,11,Gaming,7,14.738791128854237
98,14749,513,51,69,10,Music,1,4.490810843213204
575,1680,88,5,49,16,Gaming,1,7.404018684776966
82,67318,4227,515,92,27,Education,8,12.666181412443294
1503,5721,144,19,46,26,Tech,19,4.244870264959395
234,19010,359,26,75,24,Gaming,20,2.1688058523579583
155,291,29,2,64,23,Education,5,17.087867635434296
72,57333,6733,473,86,20,Music,11,15.203147449433757
140,9244,503,43,89,17,Education,8,9.131822115659684
790,53351,1047,51,65,17,Music,6,1.7201154356627715
1716,239932,4136,742,53,4,Education,11,3.102670648777466
1236,3872,418,9,66,5,Tech,4,14.796579859618745
877,4110,250,44,15,28,Gaming,15,9.062200460209551
124,20904,944,116,41,23,Tech,4,6.949671219762888
1427,100740,6287,501,83,14,Entertainment,11,7.1740931117881495
1573,12237,550,82,27,20,Music,23,6.745026919250385
929,22443,1431,159,77,10,Gaming,19,9.367768544177641
389,3648,381,41,82,14,Tech,8,16.632766368574536
929,72117,5419,215,16,28,Gaming,22,10.105951073344091
1749,26338,2275,205,17,1,Entertainment,6,10.750108168406708
310,71299,3573,226,73,11,Vlogs,18,5.780416807462308
1248,117066,10680,243,16,26,Music,19,9.298016005478559
1248,13347,1112,94,50,23,Music,22,10.589713754315904
696,82455,1908,69,49,18,Education,10,4.081621463832353
122,3145,229,15,12,16,Music,20,9.89177245047794
701,114656,4384,160,26,29,Music,11,4.736110145918849
90,52701,5188,198,75,27,Tech,2,13.332218533960043
663,103763,5899,329,88,18,Music,16,6.495539247607758
1104,109,13,2,61,8,Music,6,16.653114088954258
1456,9361,188,3,31,28,Entertainment,21,2.0239653777877633
1058,24795,2376,320,13,10,Entertainment,9,11.776887219801807
1519,23961,2015,91,15,26,Gaming,22,9.269576374720371
633,12956,1223,227,47,10,Gaming,14,14.855510607783131
711,24131,1057,38,35,5,Music,1,4.843851310526334
563,6996,448,85,20,10,Music,12,8.957545442670257
1458,26716,2607,338,99,18,Education,3,17.62350964337487
867,81163,2887,58,26,21,Gaming,17,5.345022814885989
1566,32706,1140,206,97,24,Tech,23,5.947087725944157
674,1008,71,8,40,6,Music,22,9.207379153247263
262,27461,1856,124,86,3,Tech,0,10.257590169935744
553,1477,60,9,44,8,Music,1,6.305301599913171
375,169528,7253,1354,25,9,Tech,1,8.70666770591606
1099,6916,280,29,88,5,Vlogs,3,5.098543860727669
575,61596,5843,448,27,29,Tech,2,14.360382449100443
1131,180283,14730,2386,71,2,Gaming,16,12.057437151965964
1783,87546,8891,1268,36,2,Music,13,13.6089432361502
1126,60184,7059,1270,44,7,Gaming,1,18.78198801564822
823,91560,5691,823,54,17,Tech,15,10.556298021640568
278,200413,3474,221,44,10,Entertainment,10,1.9625122116747715
76,48656,743,139,37,12,Entertainment,12,1.351336205046703
1174,41056,1745,67,18,2,Entertainment,0,3.587744690546832
243,49575,5581,380,85,10,Music,22,14.165547269353647
268,38136,2576,292,24,20,Education,1,12.451998808144433
1109,50505,2014,245,30,1,Vlogs,1,4.20316625054893
379,29977,1616,36,61,4,Tech,20,7.509103018606188
136,12423,942,151,44,13,Education,4,15.625043784446602
860,6505,532,45,60,12,Entertainment,3,9.597465504288161
77,3639,98,9,92,11,Tech,11,3.6624759813444454
1626,15379,1806,299,64,29,Education,2,20.0
366,2461,172,15,96,10,Gaming,19,9.710667037301361
1079,41970,1046,29,86,15,Entertainment,9,2.5055880270109796
833,16791,1818,94,53,5,Education,19,17.477790990564287
1310,87115,1586,304,74,25,Music,17,2.051209798270347
37,3957,434,14,97,17,Gaming,20,13.50897803591736
654,12931,1546,129,89,28,Entertainment,20,13.253740079053815
1306,65612,5711,631,34,5,Vlogs,20,7.878506754014455
1745,45765,4336,471,96,2,Entertainment,9,11.212339791996285
748,3433,161,3,56,9,Music,0,5.798290490796074
332,104975,11922,1313,89,6,Vlogs,5,11.934416644549916
668,104985,7167,638,65,18,Vlogs,10,8.424857294252485
85,20154,1825,355,47,14,Vlogs,1,12.001716780653965
755,20906,2334,113,20,19,Tech,6,15.804901935778659
555,225722,26470,2216,76,14,Tech,19,17.16475483272865
503,49298,5011,478,24,8,Vlogs,20,10.025135325343483
57,37991,1646,148,10,17,Gaming,20,6.069325884146561
107,91154,10603,1482,16,28,Vlogs,20,13.414442427092673
1269,16893,1336,78,10,3,Education,17,12.969647368172083
1439,28134,3161,189,58,29,Vlogs,20,11.655977672323756
394,15683,1323,200,82,10,Tech,18,14.976162765195216
695,77932,3413,375,38,17,Tech,3,7.0841965826681825
555,42689,2164,204,35,27,Education,12,9.223606609418473
728,53867,3800,191,96,11,Education,17,11.386459987070406
1365,14638,1418,76,54,8,Entertainment,19,10.533466578443369
912,12537,563,12,80,1,Gaming,23,5.697719095691471
1060,33608,2479,90,21,13,Gaming,12,9.188576751619658
1056,66987,3216,386,41,21,Gaming,18,7.3278296492628625
1676,37347,3724,672,29,4,Music,16,14.166170003342716
948,1759,107,7,60,7,Tech,0,8.444813202622022
779,101557,1872,147,90,14,Gaming,5,1.927699913771209
392,3443,97,3,45,5,Entertainment,18,2.602821611550686
1561,156079,2609,234,76,24,Entertainment,19,1.6109898730445817
1327,1373,89,2,10,28,Gaming,0,8.458426465810685
1559,59382,1288,238,36,11,Education,7,4.260084039178287
835,4389,98,13,49,17,Entertainment,16,2.0671188423933238
768,120874,13721,2721,93,5,Education,20,20.0
1068,31321,3319,593,23,20,Tech,21,18.341985325023234
1245,7497,447,46,78,3,Music,14,8.152780580348427
1684,20937,2479,281,96,5,Entertainment,17,14.9921255423373
514,9105,91,4,88,26,Education,6,0.7642006060532289
57,9451,732,75,15,15,Gaming,15,11.377074505786329
743,148029,11517,2102,42,19,Tech,6,13.502150526474026
1092,29561,1783,51,64,16,Vlogs,16,5.425203354254072
1326,77848,4177,732,28,8,Vlogs,3,5.805267218665334
1284,51127,3072,249,86,13,Gaming,11,8.09076935553434
115,56516,3144,571,38,16,Tech,12,9.288239095325272
1527,7160,646,122,70,3,Tech,3,15.81420908201946
155,13440,334,47,79,1,Tech,20,4.692482095895445
841,77364,2455,342,88,9,Tech,0,5.473488764130975
566,176721,5276,535,89,9,Vlogs,0,4.110138665068763
174,15336,596,101,33,22,Education,6,8.044176267433159
1578,15943,1080,208,32,26,Tech,8,12.066549371155189
1265,32117,714,113,19,17,Education,0,4.490951696640888
54,206361,21770,2872,63,24,Tech,15,16.93743027742957
1633,15764,673,86,50,2,Entertainment,17,4.090494911018144
1447,26225,731,126,58,9,Music,21,4.320278272480262
96,111141,9371,1100,26,24,Entertainment,14,9.500101538555699
262,246,3,0,65,19,Music,5,1.8658750533940487
138,2128,166,18,54,13,Entertainment,1,9.848721408011759
1199,46426,4029,125,39,5,Tech,8,11.390575260274682
140,119062,4005,356,53,9,Education,3,5.705212845578137
257,13746,200,19,83,13,Music,12,1.863090304581369
140,31810,1590,72,64,1,Vlogs,22,4.425474297977106
1523,30034,626,24,28,25,Gaming,21,2.7516803091721287
63,32125,732,85,38,15,Music,10,3.3941452020751433
652,48811,1853,65,11,4,Music,12,3.6568334463599728
1422,31819,1352,100,45,4,Vlogs,10,3.7807754722428655
777,29762,2032,312,28,20,Tech,18,11.475050785960018
624,32250,2729,528,16,10,Entertainment,7,12.22005760734566
1607,44785,3368,502,35,28,Entertainment,6,9.865145217608664
454,38602,1015,201,88,25,Education,15,4.27767668272865
642,96354,2787,406,47,6,Tech,2,4.620576535485653
1571,2638,281,20,12,27,Vlogs,16,10.969620756779037
721,89683,6405,902,89,24,Tech,17,11.39923782515595
1335,92970,9826,1438,75,12,Tech,14,17.137090450245257
1373,16867,858,74,80,20,Entertainment,16,5.400137219812279
1791,31174,2418,56,52,16,Vlogs,10,6.901425163636516
1496,28960,1957,286,71,3,Gaming,4,9.781957279839812
344,12427,560,13,80,14,Music,15,5.469280027992007
906,25375,1565,209,33,1,Entertainment,14,7.258594257233826
1794,2370,154,7,48,10,Vlogs,9,5.6125007977854136
1430,16374,525,63,77,15,Education,13,5.565765914323308
1342,84926,3792,419,53,7,Music,1,6.550054999137423
1490,16843,1634,36,14,4,Music,15,11.19741608589428
691,85344,9450,806,64,14,Entertainment,18,13.16012073737285
306,38021,1884,241,39,24,Education,7,9.434940882487663
1763,106055,4641,801,38,16,Entertainment,14,5.168216706660587
1635,42857,1348,242,35,14,Tech,9,5.009968965150373
1556,1605,135,14,92,3,Vlogs,4,8.519077839250047
653,56361,2566,387,35,17,Education,19,9.344211015592256
545,2394,284,21,46,21,Music,15,15.051088373995608
1403,30046,1376,112,62,14,Entertainment,20,4.29665411315859
872,132655,7077,389,39,18,Music,21,7.118727922898618
1499,9128,697,84,12,3,Education,11,13.840334660332966
379,24804,2435,186,52,22,Music,22,12.722445538464756
1660,65540,4040,142,16,19,Entertainment,12,6.893111125788984
1717,107063,6048,866,58,3,Entertainment,8,5.747242919998079
852,55676,6654,980,82,12,Gaming,16,18.67495445629342
1190,15031,167,14,50,22,Music,19,1.1354849514599037
788,56236,6099,206,86,5,Gaming,11,12.573200850747849
928,17700,467,45,88,10,Gaming,4,3.0811187512889373
272,63468,6121,609,63,9,Music,23,12.454556194298814
572,154091,12014,1686,78,1,Education,11,15.32089453154189
1093,63997,3046,233,36,13,Tech,0,6.894159879645159
258,99445,10553,1507,17,3,Entertainment,19,13.68094440362907
577,205,2,0,41,19,Vlogs,15,0.6198457101790054
949,63316,2212,138,93,11,Gaming,11,5.127542374130049
1276,88576,6409,1257,73,16,Education,8,15.194045704350774
35,2170,105,9,19,6,Music,12,6.311589671255545
1375,102729,7924,539,22,24,Education,16,12.381753541292023
497,14932,188,18,72,3,Education,16,2.2410928405833506
1785,54824,1250,46,44,19,Music,3,3.8356356084146093
104,80660,1934,82,70,6,Vlogs,13,2.7241264663479847
33,54433,1677,158,63,8,Music,18,3.653265345395865
675,4941,299,47,17,22,Vlogs,6,7.99094989046189
147,45456,4215,767,38,13,Music,2,13.500021334290716
910,39979,4382,612,50,12,Gaming,0,17.057597219362762
1659,115390,11757,457,39,10,Vlogs,11,9.629402215080502
533,25995,822,115,95,3,Gaming,14,4.8733552881711795
976,19462,1139,153,30,4,Vlogs,10,6.656111898324454
603,69384,2215,365,85,1,Vlogs,9,3.6125107539336003
1494,26708,1044,175,20,13,Music,1,5.339181052259724
223,52036,3402,599,11,24,Vlogs,3,7.26664117596049
876,52086,911,86,59,4,Gaming,16,1.8109280688904315
744,109580,3725,542,50,22,Music,16,4.891080529446859
1445,45751,5164,352,75,11,Entertainment,7,12.28389755706006
1079,34973,2142,428,12,19,Gaming,22,9.681926613291523
1488,7575,446,22,89,11,Entertainment,13,7.675642148313811
202,6250,72,1,60,12,Education,23,2.99261715708173
1353,8480,315,14,77,11,Music,3,4.551787833486664
1698,9527,1003,160,96,6,Education,5,20.0
355,50888,1430,143,93,12,Music,18,3.2538085574924853
1463,67642,3765,378,34,27,Music,23,6.556274025078254
1171,37850,438,84,39,9,Gaming,3,1.5884613618686985
865,88409,5535,1026,91,25,Entertainment,2,8.46171487072189
753,237110,2919,221,20,10,Music,19,1.811189557185095
254,85843,8597,495,26,3,Entertainment,5,10.217616597645657
561,59452,5988,1034,35,3,Music,22,15.901176876239571
142,38117,3684,674,32,20,Entertainment,6,13.30574880285717
169,29887,1230,144,65,28,Education,13,6.819876519884811
588,4508,460,61,61,23,Gaming,11,15.489528583714062
30,25588,1784,118,57,16,Music,15,8.228365913354395
119,120572,6163,1011,29,3,Tech,19,8.322219590829663
683,82618,6509,870,11,10,Entertainment,7,9.358444953459681
349,12270,139,15,97,24,Entertainment,22,1.2006279101526287
1603,31524,810,24,40,11,Tech,1,4.366975522913781
168,84937,7784,1439,36,8,Gaming,12,15.086399267702815
1564,3588,132,17,11,6,Entertainment,7,4.756255568145191
874,24601,1864,101,87,20,Gaming,20,10.42550737238781
288,95573,5004,646,13,11,Entertainment,19,6.475256418709326
1726,25967,2701,383,22,28,Vlogs,15,11.196173206228
931,4139,475,54,44,27,Entertainment,3,13.156851508027497
719,39202,4202,627,81,21,Vlogs,15,12.23230433320159
39,99031,3938,490,75,12,Music,19,6.0292853814320475
290,44714,1402,267,15,16,Gaming,5,5.623106448609025
1703,12927,803,23,40,18,Entertainment,3,6.4593116427565125
201,24344,263,10,19,13,Education,15,1.9102788032952376
927,30003,385,19,30,22,Education,22,1.9176263409250198
42,43387,3074,443,83,3,Tech,22,11.618730945546519
1221,71320,4796,653,32,15,Education,20,12.295032112236923
1695,5305,633,114,12,22,Vlogs,12,13.635832763491553
1649,110305,3552,539,41,28,Education,4,6.965713907562115
350,719,27,3,29,21,Education,14,6.921511264058547
1372,23205,521,103,83,14,Education,7,4.287630045445889
1666,1490,165,11,38,18,Entertainment,6,13.22952994947715
358,25059,2394,406,61,28,Tech,13,17.588217594459834
814,37407,3757,363,55,29,Gaming,6,15.640789159484198
806,35939,3928,537,43,14,Tech,21,17.857327931445035
940,9153,620,93,93,5,Vlogs,6,7.847330233980667
1603,51986,3099,415,70,21,Entertainment,22,7.660643096518868
1472,2390,110,4,81,14,Music,17,6.057610465275675
1659,71854,5375,536,80,25,Entertainment,9,8.772955542458103
1148,146638,8793,1064,79,27,Education,17,10.52026617106499
1634,20858,1244,214,20,8,Education,13,11.420529155717455
347,36511,4128,412,91,28,Vlogs,9,12.747253497937818
265,23913,2827,524,98,28,Music,6,18.09874445017161
363,436,42,4,72,23,Entertainment,6,11.331018185344973
405,24477,2282,271,30,15,Music,6,12.515507709455816
1512,78543,6665,1088,12,28,Gaming,4,13.211072673596595
1190,45415,1283,160,91,29,Tech,0,5.042813794856713
617,5438,89,17,97,15,Entertainment,13,1.7816900608002884
1600,94011,8083,1122,19,19,Music,17,11.254445449650605
542,37966,3423,390,36,26,Gaming,12,14.117644335398552
1349,92270,1399,33,21,20,Gaming,7,1.7304441134206945
1373,43501,4875,460,16,6,Tech,7,17.087633865807756
947,41113,823,60,26,19,Gaming,9,2.956382360353171
1625,5661,234,36,74,27,Vlogs,16,4.144715241153129
1402,9257,777,44,73,25,Gaming,5,11.39366178335128
902,178922,5132,292,35,8,Music,14,3.1975156095207646
1282,13070,210,11,24,6,Vlogs,14,1.9823323577749714
299,189705,8807,375,42,20,Gaming,15,5.236991428997633
827,38055,3586,272,71,23,Education,7,16.389541750313814
1344,7396,410,73,56,29,Gaming,18,8.718809530160959
754,5329,436,69,44,15,Vlogs,19,9.237082606479294
1218,11814,871,132,74,27,Gaming,14,11.745200391857935
34,130040,1618,264,81,3,Gaming,2,1.9014305659665045
880,26834,3186,218,85,10,Gaming,5,16.308145733090836
1432,25262,367,65,92,15,Vlogs,7,2.204610726005094
107,18886,2199,98,34,24,Gaming,15,15.598508229584391
1463,8053,567,45,66,16,Tech,14,9.862605335107608
603,33557,3890,488,41,17,Music,12,15.596147203573219
161,7065,159,6,72,19,Tech,19,3.3537813775514578
630,90336,5776,874,21,11,Vlogs,14,7.805453328576397
1095,23233,665,59,72,16,Education,17,4.707747787082189
118,23584,368,59,86,5,Tech,12,2.761472721974089
431,32223,2511,272,10,5,Music,23,10.464818641384515
325,29460,967,50,60,26,Entertainment,7,3.742170852993711
1348,263615,19677,2995,79,14,Music,13,9.933506470863355
645,39514,883,57,17,18,Tech,10,2.4830038559446215
1579,4716,219,23,77,26,Entertainment,5,4.270244724771464
829,46781,4490,150,14,8,Vlogs,23,9.152921366379653
1744,8319,483,63,98,5,Music,0,7.128333223165412
1690,1671,132,18,95,7,Education,1,15.914430541775362
451,176680,14350,1265,48,16,Entertainment,12,9.818415063180105
1076,74359,7645,1466,32,23,Entertainment,0,13.483858560401144
604,195974,8964,1589,77,14,Music,23,7.298968307425106
172,32592,2789,411,61,5,Tech,23,14.948088048489485
1022,38091,4410,654,13,24,Entertainment,3,15.478837653495507
694,9316,841,55,56,9,Vlogs,23,8.686994756703493
174,14278,912,126,30,4,Music,22,9.301503027743983
1278,91277,7245,403,65,4,Vlogs,1,8.378697086150256
1036,22117,2020,92,75,16,Music,20,11.603243352852306
532,87769,6788,1356,68,24,Vlogs,19,8.905720170789571
850,61823,731,96,16,17,Tech,15,1.713990823692704
1669,9850,309,30,58,15,Music,2,3.467002034929493
133,35507,3520,252,25,4,Education,16,17.91305480457004
1092,56665,2266,291,26,6,Tech,4,6.627701230826171
227,13496,1221,35,93,16,Vlogs,7,9.023313670352884
1699,88900,4527,167,96,29,Music,11,6.016941113671331
608,39453,2659,68,84,4,Tech,22,9.312890893319524
420,9130,159,17,43,6,Vlogs,11,1.4125417737660317
1232,43831,1312,168,42,5,Gaming,0,4.117509334317903
583,408041,47043,1469,35,16,Gaming,0,14.65360249066996
1501,8256,890,133,75,25,Entertainment,14,13.469172906954764
1553,84947,6944,426,72,16,Education,16,13.133950369234137
1068,11716,709,101,96,10,Gaming,1,9.079657664881218
1676,76352,6439,1266,50,9,Vlogs,16,10.039225867505973
1722,66421,5183,748,95,4,Tech,19,12.85796301330409
1342,17968,1303,233,67,29,Music,8,10.421984452408308
507,19813,327,62,88,14,Tech,11,2.546322226472295
1284,78736,6268,674,19,4,Entertainment,3,9.03068531197206
952,31043,2936,429,24,12,Tech,12,15.759109730971364
449,65718,7843,1359,51,24,Gaming,3,19.666002396309693
186,8107,90,7,66,10,Tech,6,1.9672970285660762
579,95815,8653,580,96,4,Gaming,13,11.446061967240901
1494,62146,4530,862,26,18,Gaming,8,12.298454291457084
1150,118827,6861,1034,69,13,Education,22,11.433610504514656
1050,7199,173,10,18,13,Entertainment,0,2.9787312765190976
1026,45048,2477,249,45,14,Vlogs,0,6.342966261049372
1464,45804,2243,366,82,18,Gaming,19,7.226918874502702
980,21906,948,112,89,1,Music,3,5.599133127612943
318,30767,2781,380,45,21,Entertainment,0,12.360149499006553
1307,2036,177,27,57,16,Vlogs,21,10.895190841252225
225,68593,5130,676,60,15,Music,9,10.325393978847346
627,39950,4524,530,79,22,Tech,1,18.385185770740588
1575,3073,148,22,83,25,Entertainment,20,6.374516092563401
546,57189,2105,317,89,5,Music,23,6.071309813672459
1688,31541,2591,345,77,29,Entertainment,14,10.340529221245244
894,1853,59,5,31,6,Entertainment,2,2.9933811953142584
1171,174778,7804,726,86,6,Tech,22,6.483977492546586
835,149006,5171,1006,89,3,Tech,8,7.71759073326921
1212,36064,634,25,15,16,Entertainment,16,1.098984254486688
844,5017,506,34,35,12,Music,20,12.493127623622462
257,70347,2673,290,84,4,Education,12,8.057402183140521
245,33956,2106,359,97,1,Gaming,2,9.546074685438843
977,18108,267,13,12,4,Tech,3,0.6043459749829543
1749,33906,2947,205,61,1,Education,3,13.336938443885309
44,37053,1717,54,83,21,Tech,10,5.999772218182854
1210,41458,3810,560,69,27,Entertainment,6,10.842029965157193
1701,29200,1616,101,72,27,Education,10,9.621374764521661
1314,46639,1470,132,74,8,Music,23,4.041282381670978
1210,125601,8346,833,61,24,Music,10,7.53342732591082
76,22591,550,99,99,5,Vlogs,9,2.1717167651249136
353,64779,3786,356,85,26,Gaming,4,8.90337239049954
873,112529,5052,233,23,2,Gaming,12,5.859679339897865
1738,30538,3368,385,98,12,Tech,11,18.090856739426634
159,29400,491,94,81,22,Gaming,9,3.30885062227168
1464,46179,3987,515,77,17,Vlogs,6,8.999227402187344
124,44851,1350,265,37,7,Music,18,5.034584311782599
656,82246,3708,635,80,11,Education,18,9.269175399978728
784,32459,1808,47,19,4,Education,18,7.699800527691701
1345,277734,30517,4226,66,5,Music,11,14.566361702882453
823,3165,116,8,75,6,Entertainment,19,5.275145802402532
1336,258,5,0,99,11,Music,21,1.4824072712140095
98,51210,2307,162,59,1,Education,14,7.898652083259306
1713,17822,383,31,23,25,Tech,4,2.9127460638292217
40,13847,334,62,25,10,Vlogs,23,3.0631245037226313
1307,18790,1373,78,63,20,Music,13,8.70726097422551
901,14888,248,43,52,24,Entertainment,11,2.6008722750464313
579,1663,22,0,51,21,Tech,20,2.108862279262051
1187,178050,15772,573,90,11,Music,10,10.346109035635871
741,12570,625,108,31,24,Tech,4,8.142539731181783
52,66318,1577,210,77,17,Music,15,3.0207570718303485
844,71999,2728,421,28,8,Tech,17,5.540740789415347
375,132535,10686,616,75,27,Gaming,11,10.57151199051056
331,1651,66,7,48,13,Tech,4,5.370027775981016
392,102905,6626,1011,82,27,Gaming,15,10.139620329310015
425,37556,878,116,28,20,Education,11,4.522350823184435
247,50157,3746,392,25,18,Gaming,22,11.306289203307374
170,51807,2319,447,63,27,Tech,1,7.428769989022169
1669,85783,6773,959,34,22,Vlogs,5,8.310337004666543
987,20378,2015,369,27,16,Vlogs,22,12.783967910354962
1263,66134,5110,773,32,2,Education,20,14.236840111716187
1014,37700,1603,244,94,5,Tech,3,8.095119603762377
1022,78947,3010,103,20,18,Gaming,12,4.284449809561674
1676,233166,10729,908,48,3,Vlogs,9,4.151026379423861
1669,11297,317,55,77,27,Music,16,4.347340360485347
857,261620,7829,484,34,22,Entertainment,13,3.5181784979998776
712,4805,465,18,72,17,Tech,23,14.276510111540519
1513,216,11,0,39,16,Music,14,4.446060886847856
1033,2358,136,8,54,6,Music,7,7.214100368694739
385,21010,1583,295,99,19,Tech,22,13.36904314246326
1037,50206,3758,662,70,7,Entertainment,23,9.439904334908839
1377,3676,64,7,60,18,Vlogs,17,2.659170886108809
1186,384,38,1,18,14,Entertainment,2,10.369619343885992
917,138403,4083,606,85,6,Education,16,5.579890519967383
156,86377,7734,1022,11,8,Gaming,23,13.789508158507395
1159,82922,7877,1533,14,15,Gaming,23,14.810937569283501
1038,107991,9572,1154,71,15,Music,6,11.332538737990935
633,60304,4443,357,78,15,Vlogs,12,7.4422771327169075
1431,5613,65,7,61,16,Entertainment,15,1.3668978384374064
1043,25566,1269,249,95,1,Music,4,8.09513150221456
80,64313,4922,715,14,11,Tech,3,12.386134088043967
1082,16548,870,122,68,27,Music,9,6.698201048732635
1515,58242,6114,387,77,29,Tech,12,15.414768547203545
1349,1340,58,8,18,25,Tech,9,6.923794361318066
1350,18374,777,120,31,5,Education,13,7.1543554536330625
1779,39928,1567,120,36,5,Education,21,6.0821981746156
808,50095,2334,249,19,29,Tech,11,7.146130235147325
1460,43123,3075,224,89,28,Vlogs,0,7.072809287717605
843,59926,5259,350,70,21,Education,20,14.843742075152168
1666,405,33,0,60,6,Education,19,11.340673553309996
1458,5420,535,38,19,2,Gaming,19,13.259667903993265
1399,101706,10928,1308,15,6,Music,6,14.927730280132176
1675,57345,5721,116,71,14,Gaming,8,10.78077650064267
449,6091,73,5,14,11,Vlogs,7,1.0228434990453017
1235,92381,8402,1501,79,4,Education,12,17.5142814323367
1012,13968,459,58,72,24,Education,13,6.018156778757934
854,32629,803,103,65,29,Entertainment,11,2.221337611735012
1054,7944,637,58,68,27,Vlogs,7,8.45161514593424
596,62012,2801,397,72,25,Music,20,7.10753196411153
400,55058,896,48,98,9,Music,21,1.436624869175368
965,11956,300,50,68,24,Music,17,3.1289123438007134
690,99635,1006,41,60,3,Vlogs,15,0.6520281651323812
1484,25750,2815,388,59,26,Entertainment,10,13.898861033464785
998,17401,221,17,13,16,Entertainment,15,0.8172987744165858
1362,8363,276,42,57,11,Gaming,13,4.786338182486013
1190,15573,868,103,41,27,Vlogs,2,5.70687365126628
231,1213,59,5,60,4,Vlogs,20,4.854191254005824
1489,43864,4837,244,61,1,Entertainment,1,12.098195837889193
342,92431,1333,179,83,25,Tech,2,2.6063465494845897
146,39912,2647,517,43,21,Tech,3,11.230949078609786
1719,12476,1058,178,45,22,Gaming,21,13.525017033762554
966,1812,203,6,79,16,Tech,4,16.863658939057622
604,12179,952,83,52,19,Tech,9,12.621879951070625
273,27003,2657,495,25,16,Tech,19,17.198833300230657
566,71374,1371,151,68,11,Education,1,3.5033268667212445
1655,10503,550,76,62,26,Gaming,11,7.7739153087262745
104,63711,3257,600,28,8,Entertainment,4,7.210935157195886
415,100945,10850,1923,98,23,Tech,4,18.657203593283064
1263,30351,808,89,50,1,Music,22,3.2635315283758644
504,86239,2303,227,90,26,Education,0,4.359982219711449
447,40545,1870,151,56,28,Tech,3,7.449749903390646
376,50780,812,121,63,21,Education,20,3.216693869176829
1582,37456,1126,80,64,26,Gaming,23,4.059589975440726
669,31203,3624,235,28,9,Music,11,14.94885951648759
968,13471,769,64,71,28,Music,11,7.806765417779105
984,18162,1444,74,68,27,Music,15,10.02769224947505
905,17222,1547,224,74,12,Tech,23,15.535114167277019
792,41524,2091,273,77,22,Education,16,10.197150440211518
1232,6489,169,18,37,8,Music,20,2.8206910461467665
1235,124420,4071,367,27,26,Vlogs,9,3.1548605657198534
693,63865,2839,521,35,17,Vlogs,16,5.727416995017903
54,25761,2060,51,28,10,Education,16,12.138532230426554
1233,8735,470,74,64,27,Tech,17,8.844604194424909
739,106950,1149,209,66,7,Tech,1,1.8992915543154205
1554,86900,5872,589,15,19,Gaming,3,9.404426862487952
1214,64056,7133,849,10,25,Gaming,18,16.408047570416986
206,15941,1583,300,17,6,Music,10,14.46236531952162
314,25845,2604,151,60,21,Entertainment,16,11.181465878246803
92,5520,537,61,94,24,Gaming,11,14.380321211834383
1032,10576,482,50,97,24,Tech,1,7.8181022846346355
691,76496,7203,479,34,28,Entertainment,5,10.438244745267921
695,62870,1618,270,56,28,Gaming,8,3.6973160009131814
185,45106,3714,675,64,19,Education,4,17.17110924847465
1522,113137,9115,1465,73,18,Vlogs,19,7.782982666775451
1102,43865,562,31,92,15,Gaming,20,1.395325955921952
996,31558,3050,108,19,2,Gaming,8,12.023847897658413
878,20903,2285,294,65,14,Education,22,20.0
1137,141145,5563,168,21,21,Tech,7,5.8984034462275465
1414,4416,438,61,42,10,Music,19,14.528527072880628
718,133700,2548,294,80,28,Education,7,3.542076228233793
177,87740,6667,928,26,16,Music,21,9.884895075362225
1683,7059,447,56,70,7,Gaming,20,9.011919127768627
371,41718,2922,280,19,8,Tech,22,10.596669377978102
505,100800,11277,633,40,10,Entertainment,5,12.556921204964558
1116,42509,4499,337,69,15,Gaming,2,14.476148511793735
1754,118965,11463,1311,79,8,Education,4,17.171664865949165
1413,143321,5748,789,26,13,Entertainment,8,4.289528405314258
590,27542,3037,486,59,12,Vlogs,6,12.584122925935885
356,23785,492,77,46,8,Entertainment,3,2.2138795911745124
1789,137795,14312,2792,91,15,Education,6,20.0
1194,56318,2596,185,71,26,Entertainment,4,4.715859612172751
1019,6266,99,3,99,12,Education,10,2.4021055229817234
244,2260,189,15,89,11,Gaming,14,12.078650399355704
464,41677,1477,227,81,19,Tech,1,6.056230938664388
981,133185,4900,484,97,14,Vlogs,12,3.2860600884698314
752,93074,4064,679,86,27,Tech,21,7.961211935841084
1371,56427,959,114,38,18,Tech,15,2.7213606438717473
61,7589,223,41,41,13,Tech,6,4.12345119144241
699,14766,156,29,97,4,Education,7,2.6996904281420675
314,104276,6151,199,89,17,Education,5,9.813750803043655
1358,10194,196,20,20,19,Vlogs,23,2.0642177077367383
458,16416,1396,181,15,27,Education,6,16.817367122964733
1530,7040,252,16,44,9,Music,17,4.65023385175628
315,56467,6425,599,42,23,Education,21,20.0
1197,144204,15262,2166,27,7,Education,21,20.0
1477,15764,659,40,46,1,Education,19,7.205227815947723
1072,32356,3111,399,22,7,Gaming,6,13.453135382195088
47,50402,4957,721,83,26,Vlogs,2,10.584070881656666
798,376878,44668,1620,99,7,Music,4,14.297573444845355
619,5635,426,46,90,20,Education,0,14.318673023091739
1424,34614,658,44,73,7,Vlogs,14,1.3893131105414969
1228,24416,1981,297,10,8,Entertainment,2,9.818926063190535
1039,100528,7916,428,72,16,Gaming,7,10.458132038704642
223,32410,2599,469,98,3,Education,8,15.612947946369847
531,5981,261,25,43,13,Music,14,5.561580379058301
1017,50414,5271,293,19,10,Gaming,9,13.62256225695443
1166,73753,8521,842,93,18,Music,1,14.94622501838097
143,244,8,0,16,7,Gaming,19,4.856780627349735
1275,98034,1930,187,65,21,Entertainment,4,1.8561259683439444
1731,10391,326,40,89,21,Vlogs,18,3.3027923478066095
976,40255,4035,459,46,5,Gaming,12,13.973240272264334
860,26975,2277,106,38,23,Tech,10,12.345923296905017
1697,63686,5092,161,21,25,Entertainment,0,8.175596234132692
1317,23294,1262,190,26,27,Tech,21,9.569970606139641
954,102020,7504,906,57,24,Entertainment,14,7.770489278117088
84,65658,2880,243,93,22,Tech,17,6.623802248238535
1696,52265,3266,540,35,7,Tech,15,10.640419242598956
829,79640,7743,695,92,25,Music,8,12.955263634041758
807,70225,8282,1352,21,27,Gaming,0,18.339718982844186
1511,1930,217,16,30,22,Gaming,10,15.66541658105856
191,25204,2841,94,51,17,Entertainment,8,11.727688126281524
1433,133642,7249,1361,70,4,Vlogs,22,6.562730864352367
116,6817,419,38,67,24,Music,10,8.432249147492906
84,66898,5861,953,63,23,Gaming,12,13.455703648560185
1529,183734,20475,1438,43,16,Gaming,1,15.408891852118527
1231,2780,71,9,16,19,Music,13,3.518061797583739
1444,57415,2495,442,44,10,Education,5,8.460439826924036
1402,31670,801,22,24,3,Music,7,2.406128695438876
1061,43376,3353,568,74,27,Gaming,17,11.221073588149682
862,4560,199,24,99,3,Vlogs,15,4.715144799598303
342,2297,105,13,34,28,Education,20,8.341135646201174
788,55060,980,111,68,17,Tech,11,3.048116349536923
472,86767,4206,746,88,10,Music,10,7.427157512316873
357,76266,7998,222,95,17,Tech,5,14.875373831946261
1107,39341,1402,93,15,22,Education,2,6.4543666818663405
790,5360,463,82,61,17,Education,13,19.01468850751537
1292,58344,4624,718,88,21,Education,1,15.657393767057997
1282,13946,1464,33,97,4,Entertainment,10,10.36259685947773
608,121094,2973,336,30,21,Music,21,3.639716182147327
1104,91189,10717,1235,80,23,Vlogs,2,13.664675335539389
1662,61887,4585,422,41,6,Vlogs,17,7.90181141204173
1657,148745,17775,1307,62,12,Tech,0,16.52727254340444
1036,1696,187,26,68,25,Tech,23,18.453366684810696
1317,66728,2293,131,78,22,Tech,0,4.479817952797923
1471,20141,325,53,71,25,Music,11,1.488636474366478
125,118358,4511,742,13,20,Gaming,14,6.154151896521353
1141,15608,1061,100,95,17,Tech,4,9.58156749303062
1131,64623,1866,132,27,17,Education,5,5.29855038315227
1341,105142,2988,212,90,10,Tech,15,4.397865279442017
1173,2227,135,14,65,7,Education,11,10.77264423815265
843,25445,347,51,33,29,Entertainment,11,1.3724678433512367
520,71939,1683,142,75,16,Gaming,2,3.116841299236522
481,30441,1696,220,22,29,Gaming,22,7.847959546572215
1553,15647,265,23,71,13,Music,1,1.93214501237834
194,12510,671,50,63,3,Music,6,5.330202515609742
211,7150,444,10,24,2,Vlogs,1,5.855608866717321
498,97390,5808,120,78,16,Entertainment,20,6.1980264748845455
939,42925,4533,276,12,6,Music,6,13.323025960040324
764,4072,278,25,46,6,Education,10,12.126309411659665
852,24210,1488,257,46,13,Entertainment,10,8.63964424999812
973,23022,1270,207,12,7,Gaming,13,8.916067569989664
36,10128,1012,68,72,5,Education,2,17.51563180344951
359,28691,3111,199,44,24,Entertainment,13,13.491167547893635
804,20280,2106,128,61,7,Gaming,10,14.074673265254264
1726,21012,1766,143,96,2,Music,3,10.594722745649753
180,67266,1689,185,37,17,Education,16,5.159997121413668
1138,12732,515,50,27,13,Education,15,6.853351784482449
176,51441,775,45,45,25,Gaming,2,1.9338073598650845
1677,42374,4762,207,42,21,Education,9,18.300136926986706
1434,42077,3479,77,73,28,Music,20,9.334628607978654
944,54484,5017,239,35,27,Music,14,10.996928275760224
1601,39845,1764,259,57,21,Music,7,6.5274406501705675
1338,105803,10900,696,49,28,Gaming,17,12.90752087124646
729,56385,2174,226,26,16,Tech,2,6.969926643962554
111,39689,404,51,49,26,Tech,6,1.884919519855912
543,88628,4555,818,16,20,Education,9,10.202518291028543
844,46688,3398,611,66,2,Music,19,11.581828220985757
738,17305,1084,167,17,5,Education,8,12.240512330177063
1576,11702,1226,32,65,18,Gaming,13,13.074568327268665
775,8363,180,22,40,28,Education,22,3.8027064684524783
1052,114957,8152,1317,68,7,Vlogs,13,9.032110574028648
1439,62017,4119,95,67,11,Tech,10,8.827986739679357
736,138632,5677,675,21,25,Education,0,7.221792715962274
500,46327,4653,811,57,25,Education,3,20.0
1172,32165,2985,314,40,11,Entertainment,5,11.661406267942281
425,3178,287,5,92,22,Education,21,14.762526851053256
1585,55782,5934,130,72,17,Vlogs,21,10.09020693739569
290,43738,3914,371,83,16,Tech,4,14.371622674562804
834,231414,8215,393,48,13,Entertainment,2,3.644105956614679
963,13766,1206,168,85,22,Gaming,1,13.820962872839184
1309,37929,1663,245,29,5,Gaming,2,7.001130191767937
1787,52728,1931,100,57,20,Tech,8,5.270980463202428
934,51824,934,168,80,16,Gaming,18,2.0324378425933984
1279,41296,3792,377,63,28,Vlogs,18,9.535771218488629
1106,75113,6625,302,87,22,Education,16,14.259780769810009
969,11569,414,65,84,22,Tech,17,6.244102570335279
1553,64763,5986,970,80,16,Entertainment,10,13.223143606389536
1559,48444,5375,726,38,16,Education,11,20.0
883,113304,2479,430,83,14,Gaming,2,3.008681480079381
1417,94029,3346,511,82,6,Gaming,17,5.137523120023825
1333,19027,1760,314,57,2,Entertainment,23,13.060378971641569
622,16264,653,64,83,14,Vlogs,5,3.9733160556999887
743,200015,15743,2433,92,16,Entertainment,6,10.709885024774696
1211,37561,710,141,65,23,Tech,0,3.323765020577017
661,118547,7082,1065,26,20,Entertainment,5,7.595757564527929
88,9049,826,33,18,13,Gaming,17,11.562176456431263
1780,51575,4410,499,43,15,Vlogs,12,7.666695909943631
157,83099,8281,1041,54,12,Vlogs,21,11.471670771897015
765,147347,15695,806,97,9,Music,18,12.288002464623494
750,20674,1965,379,18,26,Entertainment,6,12.357782357287615
1168,64645,5422,279,16,18,Tech,18,11.987343835503905
1262,38797,523,27,25,21,Gaming,8,2.124167733938693
555,3227,222,41,28,14,Education,2,13.205284237122939
550,58659,829,85,15,20,Vlogs,22,1.9580659866039345
581,58674,5802,182,20,25,Entertainment,11,9.97661625251133
266,133498,6044,771,85,4,Music,19,6.538251431592212
1334,34489,2478,317,70,8,Tech,23,11.834313673023496
1412,13184,537,16,51,8,Tech,17,5.311155756897601
1254,2379,228,44,22,22,Gaming,7,15.780240166313954
1331,26962,2898,341,21,22,Vlogs,8,11.56719079302051
1288,18070,973,117,94,16,Gaming,12,7.9683750356456935
523,71683,7521,854,83,27,Music,7,14.216928350663128
33,21968,865,112,29,24,Education,21,6.969289796650096
695,148966,10250,692,59,28,Education,9,10.939309962839218
471,164018,17133,1228,45,29,Education,16,18.35356245885168
58,48598,2228,249,97,28,Tech,6,7.3860194172668585
1162,132115,15185,2508,78,10,Vlogs,16,14.034949227624168
639,71634,1676,48,46,25,Gaming,22,2.544470926159255
1780,39677,476,61,21,21,Gaming,17,1.1491630400659636
834,10041,1099,181,49,27,Music,23,15.383626153135085
104,30779,540,26,63,17,Education,1,2.78026075240494
867,41248,4912,111,11,1,Vlogs,2,11.19780414974172
1199,99840,11447,873,59,18,Vlogs,18,11.45428815400312
157,32924,825,103,50,10,Music,0,4.205206419731319
71,114079,7886,354,54,26,Entertainment,20,7.202440986277381
1409,56196,1705,164,18,21,Vlogs,20,3.1846293119562628
70,7466,426,50,71,4,Vlogs,9,5.889500942628386
963,264829,4437,567,95,1,Gaming,20,2.054035899928749
63,37557,1300,90,56,4,Music,13,4.282825726486452
1070,24967,1247,114,14,4,Vlogs,12,4.752089322893553
1730,53910,3140,502,85,26,Vlogs,8,6.722626941243637
1206,5864,689,130,10,4,Gaming,5,19.47281645271843
1027,50704,5012,877,53,17,Vlogs,5,12.413751702085658
1431,34581,3150,382,31,9,Gaming,18,12.843323339866702
617,26200,1809,169,47,19,Entertainment,20,8.19288319689633
1652,153001,15667,1252,28,13,Tech,9,15.178892346987169
1682,37063,1754,74,89,4,Gaming,22,5.000461386806782
371,12466,1096,42,40,5,Gaming,2,10.74297487158256
56,30813,3676,528,76,29,Vlogs,17,14.051134868183107
1340,126005,5620,375,96,13,Gaming,20,5.203986417375315
675,9785,823,54,51,23,Music,18,10.335559177131676
760,12137,1248,249,91,16,Education,4,20.0
197,755,83,4,35,22,Education,10,18.000632903600728
639,814,72,3,22,5,Entertainment,9,8.466805126699885
297,88519,3646,137,67,8,Gaming,16,4.970574082842009
850,65961,3027,376,27,16,Music,3,5.965132359822517
484,22028,270,35,76,1,Vlogs,20,1.3834316521960228
935,60017,5623,482,96,23,Vlogs,17,9.621564646893878
1738,25243,371,43,12,28,Tech,17,1.4941845872898218
1454,152870,16068,2601,64,6,Entertainment,0,13.10323101282356
951,170742,3936,658,98,11,Music,13,2.444446955148401
1010,25044,723,139,67,16,Music,7,4.359626849533772
1529,96383,6016,1012,72,5,Vlogs,1,7.3763634995988125
731,74259,6769,823,61,16,Tech,18,14.964724020803079
663,18653,471,24,98,7,Vlogs,14,2.1620006677900196
1611,13300,776,29,33,19,Tech,1,7.0609580048859275
1629,30746,1940,57,81,1,Education,3,9.636566068734615
159,76113,2538,355,18,9,Music,0,4.6775134486585825
1049,161253,3662,605,46,18,Education,18,3.8039397662034524
1416,72207,7365,821,92,13,Vlogs,20,10.494887372848819
1758,96722,6313,188,62,26,Entertainment,9,6.896991408541894
848,46299,536,62,89,15,Gaming,0,1.6431530951134863
722,90314,8880,1673,33,3,Entertainment,19,14.003371540898463
1345,76821,9056,1155,30,24,Entertainment,21,15.469678389000103
1424,23759,1821,301,49,28,Gaming,14,11.288706704238486
823,40247,2632,431,71,10,Music,3,9.225792258750163
58,81774,8719,1637,79,9,Education,6,20.0
178,2457,282,44,78,13,Education,6,20.0
1349,82633,7684,1187,23,16,Music,21,13.709661324812187
40,9893,583,36,51,3,Gaming,17,8.30376855100843
1565,36247,2723,83,59,22,Tech,12,10.713263167243092
705,82684,7202,815,70,23,Entertainment,9,10.61439470737123
1166,14739,462,19,13,15,Vlogs,23,2.5769280460292254
216,14205,840,162,81,17,Education,7,13.236424933400114
836,25872,2620,189,97,14,Music,9,12.7071501179758
773,112619,9236,1602,84,7,Vlogs,13,9.713199262907924
1280,122,6,0,26,20,Gaming,13,5.187751908897
1363,115925,9618,751,94,16,Vlogs,19,8.523596648212765
127,8450,194,36,66,21,Vlogs,21,3.3177422189705776
84,230792,12500,1067,99,8,Entertainment,10,6.078875012701778
652,154984,15071,1360,57,4,Gaming,5,13.61785403534059
693,34227,1172,45,53,20,Vlogs,20,3.346761036969466
787,36045,1097,154,54,24,Education,0,5.973639923274752
435,32945,3775,271,89,15,Gaming,18,15.53405490868731
98,50553,1672,209,99,5,Education,6,5.990996668720803
1365,4855,187,23,42,13,Music,23,4.834129374752539
1342,1758,205,30,40,6,Music,17,15.841655350312573
1601,3071,278,42,56,28,Tech,2,14.716548567711314
780,29482,2563,288,15,27,Music,19,11.205025289296405
1201,16216,1683,133,81,5,Vlogs,10,9.87920013014607
1520,48748,1108,189,80,17,Gaming,4,3.943357449254107
1792,244359,21419,1623,43,7,Music,18,11.034026029244584
1297,24514,1603,178,62,6,Education,20,11.87800249027778
1544,42747,4326,398,23,2,Vlogs,23,11.221744208640448
987,26958,1776,308,25,11,Music,23,9.982208337806501
1560,94054,7357,719,52,7,Entertainment,1,8.73953662631039
394,116360,7278,651,82,22,Education,21,11.592475199120212
511,105023,6574,947,83,21,Education,3,12.509652123636734
230,183303,17317,2224,90,8,Tech,9,14.845012302857459
183,1495,118,4,21,5,Entertainment,1,8.85406751311886
1503,91671,7302,813,79,27,Tech,7,12.218553970045555
1554,69770,4153,632,28,18,Music,0,8.823230968165063
102,13083,895,177,50,22,Entertainment,5,9.363599994131196
742,156643,14415,1920,62,16,Education,10,17.111110293910052
325,8118,818,70,38,14,Tech,9,15.080941098800498
1070,57001,4937,299,79,12,Vlogs,12,8.104625148615025
1694,12837,1433,253,68,17,Entertainment,0,14.129319342237679
1270,28327,2839,473,98,5,Education,1,18.616827811695305
90,63598,4566,283,73,14,Gaming,2,9.143486874949268
968,41528,3482,195,33,6,Entertainment,8,10.504696900924984
1669,27987,3131,465,98,15,Entertainment,4,14.517633246259884
71,19851,1550,118,25,7,Music,9,10.818980836577623
54,91622,9228,693,61,14,Vlogs,9,10.259498239743087
1092,7863,674,31,89,18,Music,11,9.910497132651823
160,28214,1995,134,15,1,Entertainment,17,8.85688882391256
1551,117144,4287,415,46,6,Entertainment,20,4.340592663332008
1282,93591,5321,808,94,3,Vlogs,20,6.015140429110924
137,25719,2995,241,13,5,Vlogs,0,12.464700298427015
201,72107,5938,469,47,12,Tech,2,12.99410295136167
1488,86725,6251,445,50,11,Education,4,11.430506946676202
1531,109960,12384,1313,90,13,Education,16,20.0
131,39418,2937,154,23,16,Tech,7,10.002906737210406
895,11536,782,83,80,18,Education,16,12.800701787597536
553,14839,1387,203,95,17,Entertainment,8,12.121568122970075
304,17627,1558,39,60,17,Tech,5,12.338189567858647
1666,45145,1410,30,74,29,Tech,16,3.8929160567005563
1097,1767,109,3,61,11,Education,7,8.719146672579436
846,50635,3138,365,39,20,Gaming,20,8.828565790133675
986,22755,1174,204,66,10,Education,6,10.756452575287328
1070,17595,1177,24,88,29,Music,6,8.506628969264375
359,105903,5871,1107,91,16,Gaming,14,9.252497497188372
1622,30909,986,38,39,2,Tech,6,3.8982061293755295
1550,5093,281,48,51,17,Gaming,21,8.935353898023912
41,87750,1575,168,20,22,Entertainment,7,2.592030700476252
1371,2540,186,25,36,20,Vlogs,8,8.238164926780314
1645,64968,6750,755,33,10,Gaming,14,15.06387666201273
245,74440,6683,707,48,13,Music,1,12.03771455664837
368,21839,1084,184,81,12,Vlogs,6,5.954454544201343
690,87187,1706,266,27,15,Entertainment,14,2.6199535892351644
1134,36348,1171,125,86,7,Music,17,5.056655786926136
1780,31215,2185,87,54,27,Vlogs,21,5.5376639672241765
1538,2423,79,3,97,22,Entertainment,17,3.175208916215147
403,17226,1203,197,96,21,Vlogs,9,7.821633368493099
1005,133789,4746,547,21,26,Vlogs,21,4.379392294969799
739,24964,2580,275,58,28,Education,17,18.634002224649564
1253,39660,2129,303,40,13,Music,0,7.691553303887345
1590,38066,1408,245,31,12,Music,6,5.977504550929782
495,44732,4444,591,53,12,Gaming,2,14.483296390969766
1142,3264,155,24,73,28,Music,13,6.418929089555159
1321,22584,502,79,86,2,Music,11,3.693234212451401
1708,64310,4678,393,34,5,Vlogs,13,6.8489576295270895
1624,11292,835,57,60,25,Tech,3,10.45298820473284
518,11481,1017,167,16,25,Education,12,16.778779295151647
1591,607,22,1,15,2,Gaming,15,5.205355251826089
76,28866,1697,309,33,23,Education,15,11.728544712851521
1341,107265,4404,143,28,26,Gaming,21,5.2361488602890445
807,2764,52,1,92,20,Entertainment,4,2.1795971326960273
1069,10705,1139,212,18,13,Vlogs,19,12.590497852611765
740,18659,1682,229,45,29,Music,5,11.561117995726121
430,65887,2843,251,49,3,Music,5,5.41510717521768
1010,51270,3892,606,33,11,Tech,17,12.68348963570371
1139,26987,867,122,57,16,Education,5,5.986749280739765
279,71262,7691,889,72,1,Education,6,19.86513848196177
420,47133,1067,40,78,19,Education,23,3.342588946410268
364,113287,1180,196,62,11,Music,23,1.2070645230307906
658,85294,5562,978,63,9,Education,15,13.278791456661375
1572,14672,1087,55,51,14,Vlogs,8,6.7122952235602265
166,15934,1174,203,54,9,Gaming,12,11.828366440745715
912,6796,108,19,99,7,Music,11,1.9550087645679732
717,20646,919,109,23,16,Vlogs,18,5.004627309412441
1551,384741,24974,3449,38,3,Entertainment,22,8.622885914376077
856,26122,883,78,15,29,Vlogs,22,4.035541211972742
756,12554,1330,94,16,19,Vlogs,0,11.422232659464632
1530,71975,1409,211,46,4,Entertainment,7,2.1643924799913234
623,39195,2493,436,62,7,Vlogs,3,7.515199587385862
1276,8202,705,97,27,23,Gaming,20,12.341191160185481
1019,24057,933,104,96,28,Music,21,4.904390209449211
401,26861,2113,102,47,12,Tech,18,11.004542129229964
964,70186,7105,210,68,18,Entertainment,20,10.279048705833803
1024,1144,35,3,10,28,Music,4,3.4891888983741035
431,15768,1748,50,77,5,Education,16,16.671198469598558
1496,36548,2590,317,53,23,Gaming,2,9.706797280385976
1543,15756,676,60,56,23,Tech,18,6.375623003910384
644,49601,2846,444,44,22,Gaming,0,8.98528104561403
1326,32976,1462,109,96,26,Gaming,22,6.170898385985163
1579,22548,2023,256,69,10,Education,0,16.515270626046636
1212,149101,14551,1699,99,12,Tech,22,15.487087014333897
1205,50105,5091,106,61,8,Gaming,19,13.158422552753688
1024,7059,836,27,17,19,Education,8,18.743354565199542
649,41159,3994,288,89,15,Entertainment,22,10.697108930213044
217,75972,5785,1034,50,1,Education,4,14.879441652843079
1151,61733,2920,135,12,3,Vlogs,6,4.8895518804878435
160,9542,667,98,78,27,Music,5,9.074754658248505
834,179633,2607,508,93,18,Education,16,2.490292345382625
1224,29884,2747,445,23,18,Education,21,18.294877941130263
965,8759,517,32,35,2,Education,16,8.862461588814517
1015,10034,122,22,79,5,Gaming,12,1.5371005333291503
212,5270,88,3,67,29,Tech,11,2.3539248874510497
1012,81459,4286,446,49,1,Education,3,9.202633644081528
393,6607,490,88,60,10,Education,7,14.574399128890132
68,6783,414,56,14,20,Vlogs,4,6.673046130841937
1580,95113,7429,701,86,10,Vlogs,4,8.545318680791036
526,21225,1333,96,41,5,Entertainment,12,8.027556579174465
1569,1667,138,12,89,18,Entertainment,10,9.569884062852386
1402,2764,94,10,10,21,Vlogs,7,2.5231468652772007
1011,7767,174,13,86,26,Tech,7,3.491130287518861
950,12101,914,177,63,15,Entertainment,0,10.148336651760905
1450,54803,3469,652,20,20,Music,12,8.831214631253951
751,8658,112,19,62,8,Music,4,1.401309824483768
1214,6427,333,31,17,17,Tech,20,7.442224788068039
45,72448,1570,226,34,12,Vlogs,7,1.8001967816499458
522,55693,3812,695,49,21,Entertainment,16,9.236457235169727
1479,28675,1535,265,41,27,Education,22,11.510749147983889
1161,39948,3093,292,97,12,Vlogs,22,7.573173679491071
923,18797,1853,74,37,26,Entertainment,12,11.41579481000801
1503,33037,1419,47,87,1,Tech,8,5.848936089441827
340,35429,4103,508,12,26,Music,1,15.79980622858488
768,24588,1694,229,93,26,Tech,18,11.110261298364113
1223,118628,9254,1600,88,4,Entertainment,19,9.925431440823997
575,909,77,5,71,8,Tech,16,12.50830941422859
443,76302,6359,318,36,1,Entertainment,6,9.366980290550277
280,6741,446,39,54,27,Entertainment,2,6.521867053452457
788,79962,4570,382,34,15,Tech,18,9.833943862979854
1194,47944,763,33,70,18,Gaming,18,1.0035942246562808
1327,92764,1153,162,53,1,Education,23,1.9428487874325282
1469,5230,258,28,55,11,Vlogs,8,3.9202699751593895
1661,41033,1916,287,23,23,Music,9,6.310466082592527
1792,34866,1835,153,17,2,Education,13,8.731358350604486
1092,61341,1547,121,57,1,Vlogs,17,2.2173215885445305
843,38309,3493,366,23,12,Vlogs,14,9.960949487108048
58,39006,4067,723,74,16,Music,0,15.417133901766503
987,28170,3190,86,89,22,Education,5,18.03414949559478
506,18568,1191,196,91,22,Music,14,8.689018934423192
347,33014,2875,248,16,10,Entertainment,5,10.201316846241319
274,6406,666,115,88,18,Music,17,15.031679991845547
777,162972,9128,1500,97,15,Tech,0,9.381213489800661
726,62760,2763,228,58,17,Gaming,23,6.189216708274133
301,152416,17229,2496,64,10,Gaming,2,17.20105522560022
1493,12956,864,42,22,3,Gaming,16,8.520543826728348
1292,105839,6847,1241,82,26,Education,15,12.464929651979913
406,82819,2453,227,65,21,Education,7,5.756463399867424
295,56628,1239,126,65,16,Entertainment,16,2.9562228817936296
955,49145,5043,741,24,6,Gaming,7,15.849797695704261
950,19130,1483,248,66,3,Entertainment,16,10.091733387229784
1412,84852,3889,243,67,9,Gaming,8,5.938946757799404
369,34909,1085,150,44,11,Education,11,6.436949059140926
418,3776,268,24,97,21,Tech,18,11.149984516898963
606,18861,1400,120,25,13,Tech,3,11.765003973983632
1742,136997,4489,647,17,18,Tech,20,5.0747484345375735
32,95183,9866,884,96,26,Music,21,13.682303155529537
1482,200707,3867,318,54,22,Tech,10,3.3051433364800085
1195,49542,2435,415,49,28,Vlogs,3,5.302285868016669
405,14318,1214,46,63,24,Gaming,13,10.394891371664041
1723,8985,360,50,23,27,Tech,13,6.5538336979309495
353,10445,1055,68,68,22,Vlogs,5,9.595827747578218
175,1099,100,2,62,4,Vlogs,16,7.584615429580285
322,24870,2407,120,36,22,Vlogs,1,10.12161149923561
1718,10724,247,31,56,24,Entertainment,7,3.317225693683681
461,26622,677,99,89,8,Entertainment,3,2.6327177602685135
734,136764,5677,135,15,13,Vlogs,9,3.0955920512986523
978,28253,1892,50,64,10,Music,6,7.293208385416214
614,105280,9715,1772,53,2,Tech,3,16.91337183901149
428,46607,4754,157,27,8,Gaming,15,12.783870003392686
846,14293,1250,226,25,6,Music,13,13.02856716183439
1397,22091,2477,151,21,16,Education,15,18.838108526170668
993,4482,409,62,29,18,Entertainment,8,11.841019728934775
1193,20382,890,67,54,17,Tech,3,7.112594193988429
216,56688,2219,387,73,6,Tech,23,6.473764618294572
90,3842,332,48,68,13,Education,5,16.64644346512294
968,11595,361,33,99,23,Education,0,5.505701134979079
1433,24118,487,16,31,14,Tech,6,2.5739700180445517
739,201106,13784,2093,56,26,Education,0,12.691189819758005
836,76923,7721,1011,38,21,Tech,18,15.613307596145342
1493,66216,1400,28,95,10,Music,7,1.4646510052408206
1372,6275,609,13,54,24,Education,2,15.35185468789157
1355,76033,7548,1249,86,11,Music,0,13.935556423000723
1397,77018,4855,323,18,13,Music,0,7.897344463462916
40,46052,750,100,33,12,Education,6,3.132144114139616
1115,232200,6781,690,24,9,Tech,20,3.9267456355122183
255,19770,1736,304,45,4,Vlogs,12,10.16034700056449
1206,141842,12524,2317,22,7,Tech,0,15.62503216501268
1764,123197,13406,2673,53,24,Gaming,15,18.059222193575923
593,677,50,2,80,29,Education,21,12.128204490040718
801,30002,709,124,81,22,Entertainment,21,2.84978506862087
1624,188940,4412,299,87,2,Education,13,3.328543714673845
1637,5541,494,62,85,7,Gaming,3,13.211439879594435
1713,39779,1201,133,45,29,Music,22,4.528705958982066
1628,193160,8909,207,70,9,Entertainment,22,3.662118003192237
1363,40639,2584,485,90,5,Entertainment,11,8.156462037934181
914,10624,135,4,49,15,Tech,11,1.9180873736852175
1296,43735,1634,235,36,18,Vlogs,16,4.257955861716012
1546,11535,632,101,10,4,Tech,20,9.48700719061931
1419,36767,1498,244,43,19,Entertainment,14,4.989672095576241
1383,3946,98,4,77,20,Entertainment,9,1.6882232297305124
1160,46604,4198,422,97,26,Vlogs,2,10.411567699972249
255,36465,3626,613,30,7,Education,22,20.0
854,67484,2586,192,42,26,Vlogs,19,3.8302386993965123
247,49907,4750,494,16,8,Music,19,12.191987785947944
966,39981,2095,144,74,17,Tech,11,7.368980050502298
782,58623,3853,398,12,13,Education,0,11.90143241031242
535,7870,819,147,60,24,Tech,0,18.18488466434162
288,45337,4193,427,88,21,Vlogs,9,9.97171947171605
1570,9543,940,112,63,28,Education,17,18.883146337950173
83,129962,3255,301,89,23,Vlogs,14,3.121321355318175
1100,3639,64,6,83,11,Music,1,1.5591674204253154
756,28238,3057,69,68,27,Gaming,16,13.510908328958347
718,59603,3138,223,15,1,Entertainment,7,5.653216167818368
1574,30726,1280,126,38,2,Education,21,7.409368458011778
1152,4930,442,59,26,17,Entertainment,21,11.167360665913936
1073,40402,4121,416,69,5,Gaming,8,16.04597452482771
1626,51409,5391,435,31,6,Education,20,18.256999561220788
1543,60934,2727,245,33,26,Entertainment,19,4.998085160368495
448,23461,2433,154,90,25,Entertainment,10,12.542499765568174
719,41566,602,112,94,24,Education,5,2.9837152350211404
879,30054,464,52,60,7,Entertainment,23,1.0084859753377482
91,55845,4388,98,59,28,Entertainment,13,8.133571679865032
1198,43900,743,17,20,21,Education,0,2.795360229102377
245,37401,1709,333,65,15,Entertainment,6,6.558334554644877
32,14452,1214,72,80,19,Entertainment,23,9.894766212472625
189,201,9,1,51,16,Tech,8,7.165036095052095
1792,9662,287,8,48,25,Music,10,3.2422629537553767
810,6325,258,47,78,13,Tech,23,6.421044957850556
1173,29908,1804,320,57,5,Gaming,22,10.407366416256659
922,47470,2957,363,66,3,Tech,15,9.805302334142745
1142,12081,1161,25,30,3,Tech,18,12.382827508068953
358,139990,12951,860,91,19,Gaming,1,13.84027286767316
609,435,26,2,29,14,Entertainment,14,7.652011234925974
1410,74086,7632,784,24,16,Entertainment,2,11.99829290742499
1663,49168,1109,81,78,22,Tech,3,2.1892111424219487
1320,23484,894,23,86,17,Gaming,19,4.260701267730984
1670,2690,271,34,60,27,Entertainment,21,13.159853836956882
981,49474,2551,291,85,4,Vlogs,6,5.6514638899979674
1376,24456,2884,204,71,13,Education,11,19.32553479800465
664,137752,8442,226,94,8,Education,3,9.984564413924339
1017,39143,3801,756,46,19,Music,9,14.684459924967424
1594,140480,7621,813,15,5,Education,5,9.32790762152027
1702,12554,712,111,80,2,Tech,21,9.149008618642762
1248,64781,3376,342,35,15,Education,13,9.880767506956374
950,48118,4287,119,17,2,Education,2,14.247321607865517
767,67340,4729,358,82,11,Vlogs,16,6.427693156067151
1385,12182,1386,107,13,13,Entertainment,10,13.125365605330552
199,54780,2059,351,30,23,Vlogs,9,4.562313229297513
550,34561,727,100,40,10,Tech,20,3.200285518513853
1516,67999,3621,251,30,3,Education,9,8.700590573695555
69,19903,1549,300,34,5,Entertainment,9,10.355257682695315
1590,110489,11566,900,24,3,Music,2,12.75474850618444
1314,4503,216,43,44,6,Music,23,7.339665743810555
1448,82402,6750,1345,58,13,Education,14,16.844152866238236
984,98879,4797,261,52,10,Education,16,8.205127115140503
1279,85082,6627,505,50,19,Music,17,9.30352259598694
1013,36046,3868,415,46,8,Music,18,14.549733771469983
1177,28946,1026,143,66,18,Tech,18,6.386101339793393
1004,279564,15226,1751,51,3,Education,11,9.905667834796139
67,13114,1563,304,56,24,Music,23,18.461317342383488
357,39679,4187,629,70,24,Gaming,4,16.697386972296623
1304,55635,4011,233,23,17,Music,23,8.419641800334311
1229,60443,4039,157,77,8,Entertainment,15,7.312814553708133
1655,11509,475,68,62,10,Entertainment,14,3.944810368177845
943,53164,3556,172,93,2,Gaming,14,7.338693870923215
483,85389,8820,1426,43,12,Tech,5,17.538147905563726
66,2665,227,17,85,23,Education,11,14.997997757558341
1369,121349,5085,400,33,6,Education,1,7.041807247574142
1741,1597,51,1,29,2,Music,19,3.781726124306485
1002,22100,865,126,78,21,Entertainment,8,4.314264151292952
825,896,25,1,39,23,Tech,3,4.244247080942078
1002,4114,84,13,97,24,Tech,4,4.15117546941745
622,121150,6797,737,16,3,Tech,20,8.44060189162763
1167,22014,494,79,45,17,Music,7,3.481342821290005
1093,27749,802,100,47,29,Education,21,5.276015003572194
1354,12225,858,29,89,7,Tech,9,9.77356001343588
253,45552,1280,202,61,29,Music,6,4.8448281870503465
347,45269,770,25,24,21,Music,21,2.107990713979483
378,23376,1049,111,55,5,Gaming,13,6.854361717582698
144,20350,696,35,32,23,Vlogs,4,2.736192667125146
727,108225,7216,1121,21,1,Tech,15,11.626809131715133
1376,24267,515,94,53,8,Vlogs,14,3.2211368702993872
1621,34111,3161,378,24,12,Education,4,16.53775973987906
1093,16755,1837,211,58,14,Music,2,14.517479648701828
69,77369,7100,1118,30,16,Tech,22,16.02038300695344
1342,25429,1744,36,24,10,Entertainment,9,7.178955847157061
1315,36137,3782,700,23,15,Education,4,20.0
245,14708,1271,70,51,21,Gaming,22,11.560530165703092
1200,219843,2453,483,89,24,Gaming,14,1.5332333390024027
365,17329,924,140,24,26,Vlogs,17,5.71807972637971
1221,73745,7640,1217,72,15,Music,7,15.535424975159566
121,27986,1344,185,77,10,Vlogs,20,5.497966368384355
382,11647,161,16,36,21,Entertainment,1,2.0955478470544473
600,80501,7412,910,96,28,Entertainment,21,10.798140673040658
1624,20393,2003,56,62,7,Gaming,7,12.514364240301543
845,100295,2774,367,61,26,Tech,22,4.960470040446244
1734,123506,8535,1132,72,3,Gaming,7,10.130538077629076
810,98342,3059,551,82,2,Gaming,3,4.71629295572188
392,1881,167,18,62,6,Entertainment,18,10.085551529812571
586,77510,3090,104,66,21,Vlogs,22,3.314026133965324
1398,26595,1191,89,61,9,Entertainment,17,4.727100823371294
1746,103563,10661,1471,52,10,Music,20,13.7180443618139
1223,50899,3175,200,16,4,Entertainment,22,6.469879187287824
385,89781,7512,529,51,27,Entertainment,0,9.571025718610088
220,34700,1882,315,13,3,Gaming,19,8.795370243928982